Variable,AL-1,AL-2,AL-3,AL-4,AL-5,AL-6,AL-7,AK-0,AZ-1,AZ-2,AZ-3,AZ-4,AZ-5,AZ-6,AZ-7,AZ-8,AZ-9,AR-1,AR-2,AR-3,AR-4,CA-1,CA-2,CA-3,CA-4,CA-5,CA-6,CA-7,CA-8,CA-9,CA-10,CA-11,CA-12,CA-13,CA-14,CA-15,CA-16,CA-17,CA-18,CA-19,CA-20,CA-21,CA-22,CA-23,CA-24,CA-25,CA-26,CA-27,CA-28,CA-29,CA-30,CA-31,CA-32,CA-33,CA-34,CA-35,CA-36,CA-37,CA-38,CA-39,CA-40,CA-41,CA-42,CA-43,CA-44,CA-45,CA-46,CA-47,CA-48,CA-49,CA-50,CA-51,CA-52,CO-1,CO-2,CO-3,CO-4,CO-5,CO-6,CO-7,CO-8,CT-1,CT-2,CT-3,CT-4,CT-5,DE-0,DC-98,FL-1,FL-2,FL-3,FL-4,FL-5,FL-6,FL-7,FL-8,FL-9,FL-10,FL-11,FL-12,FL-13,FL-14,FL-15,FL-16,FL-17,FL-18,FL-19,FL-20,FL-21,FL-22,FL-23,FL-24,FL-25,FL-26,FL-27,FL-28,GA-1,GA-2,GA-3,GA-4,GA-5,GA-6,GA-7,GA-8,GA-9,GA-10,GA-11,GA-12,GA-13,GA-14,HI-1,HI-2,ID-1,ID-2,IL-1,IL-2,IL-3,IL-4,IL-5,IL-6,IL-7,IL-8,IL-9,IL-10,IL-11,IL-12,IL-13,IL-14,IL-15,IL-16,IL-17,IN-1,IN-2,IN-3,IN-4,IN-5,IN-6,IN-7,IN-8,IN-9,IA-1,IA-2,IA-3,IA-4,KS-1,KS-2,KS-3,KS-4,KY-1,KY-2,KY-3,KY-4,KY-5,KY-6,LA-1,LA-2,LA-3,LA-4,LA-5,LA-6,ME-1,ME-2,MD-1,MD-2,MD-3,MD-4,MD-5,MD-6,MD-7,MD-8,MA-1,MA-2,MA-3,MA-4,MA-5,MA-6,MA-7,MA-8,MA-9,MI-1,MI-2,MI-3,MI-4,MI-5,MI-6,MI-7,MI-8,MI-9,MI-10,MI-11,MI-12,MI-13,MN-1,MN-2,MN-3,MN-4,MN-5,MN-6,MN-7,MN-8,MS-1,MS-2,MS-3,MS-4,MO-1,MO-2,MO-3,MO-4,MO-5,MO-6,MO-7,MO-8,MT-1,MT-2,NE-1,NE-2,NE-3,NV-1,NV-2,NV-3,NV-4,NH-1,NH-2,NJ-1,NJ-2,NJ-3,NJ-4,NJ-5,NJ-6,NJ-7,NJ-8,NJ-9,NJ-10,NJ-11,NJ-12,NM-1,NM-2,NM-3,NY-1,NY-2,NY-3,NY-4,NY-5,NY-6,NY-7,NY-8,NY-9,NY-10,NY-11,NY-12,NY-13,NY-14,NY-15,NY-16,NY-17,NY-18,NY-19,NY-20,NY-21,NY-22,NY-23,NY-24,NY-25,NY-26,NC-1,NC-2,NC-3,NC-4,NC-5,NC-6,NC-7,NC-8,NC-9,NC-10,NC-11,NC-12,NC-13,NC-14,ND-0,OH-1,OH-2,OH-3,OH-4,OH-5,OH-6,OH-7,OH-8,OH-9,OH-10,OH-11,OH-12,OH-13,OH-14,OH-15,OK-1,OK-2,OK-3,OK-4,OK-5,OR-1,OR-2,OR-3,OR-4,OR-5,OR-6,PA-1,PA-2,PA-3,PA-4,PA-5,PA-6,PA-7,PA-8,PA-9,PA-10,PA-11,PA-12,PA-13,PA-14,PA-15,PA-16,PA-17,RI-1,RI-2,SC-1,SC-2,SC-3,SC-4,SC-5,SC-6,SC-7,SD-0,TN-1,TN-2,TN-3,TN-4,TN-5,TN-6,TN-7,TN-8,TN-9,TX-1,TX-2,TX-3,TX-4,TX-5,TX-6,TX-7,TX-8,TX-9,TX-10,TX-11,TX-12,TX-13,TX-14,TX-15,TX-16,TX-17,TX-18,TX-19,TX-20,TX-21,TX-22,TX-23,TX-24,TX-25,TX-26,TX-27,TX-28,TX-29,TX-30,TX-31,TX-32,TX-33,TX-34,TX-35,TX-36,TX-37,TX-38,UT-1,UT-2,UT-3,UT-4,VT-0,VA-1,VA-2,VA-3,VA-4,VA-5,VA-6,VA-7,VA-8,VA-9,VA-10,VA-11,WA-1,WA-2,WA-3,WA-4,WA-5,WA-6,WA-7,WA-8,WA-9,WA-10,WV-1,WV-2,WI-1,WI-2,WI-3,WI-4,WI-5,WI-6,WI-7,WI-8,WY-0,72-98
"Total Population","","","","","","","","","804256","","","","857744","813933","","800203","","","","","","","743918","788130","","","747786","","","","746449","701735","734171","","","721009","748899","744019","","725878","","","","","761285","","","736850","746863","","745825","","760602","","714948","","742266","735660","","","755867","811664","","","","","","754022","740583","751418","781251","748700","","722087","721783","","","","730351","726989","","716454","730400","726058","721814","722450","1031890","678972","","799012","","","837211","","","817216","","784303","843676","843806","767679","784928","828431","850603","851634","","809197","","820276","773713","780374","772726","779002","","","","","","","764506","774627","797492","778113","","","","","","","","","","","955765","","","","","754102","725829","732352","730604","742949","746076","","","","","","","","","","","778072","","","","","","798244","","","","","","749221","","","","","","","","","","","","","","","","","767891","778152","","812172","799719","","771551","","798884","767022","783039","776923","","744098","791775","","786329","","","","","764009","781761","","769261","769945","769154","740559","773276","","733289","699786","699739","702050","","","","","","","","","764420","","","","","","","","","","","","788277","793631","796395","","","704274","777528","","782374","","767729","766057","778678","","770658","","775849","770752","","","","775252","777290","760691","767277","","706077","720452","740016","725054","719080","753280","734996","726044","","","765060","772624","784352","769461","783546","767195","762999","764335","","766396","768744","","784882","","","","","","","","","","772165","799277","790986","","","","784597","","","","769701","","","","772345","","781848","","","812132","","","","","710371","","","710184","","","","","768800","781948","757986","777885","","764570","","781862","","752466","","","","","749982","","","","","","","","","","","","","","","","","","","","","","872647","845835","","","809564","","","","","","","","","","","","","","","","","784279","","","","","","","","","","","","","765870","","","","","","","814127","789864","773212","796240","","794509","","769124","","805856","783583","786950","781299","","","","785859","773546","778099","765854","773712","","","","","","719795","","","","","",""
"Afghan","","","","","","","","","144","","","","14","134","","570","","","","","","","563","477","","","15312","","","","7881","610","1322","","","34","525","2935","","156","","","","","100","","","615","1004","","371","","3211","","850","","318","879","","","1478","1760","","","","","","1011","1193","501","3581","4342","","844","100","","","","2225","84","","0","0","1214","48","0","13","762","","0","","","1449","","","0","","0","0","0","141","101","0","0","0","","192","","0","55","0","0","0","","","","","","","3023","933","0","873","","","","","","","","","","","946","","","","","162","0","64","1051","3149","0","","","","","","","","","","","0","","","","","","0","","","","","","1206","","","","","","","","","","","","","","","","","373","374","","0","374","","687","","354","119","228","0","","628","0","","35","","","","","146","200","","0","0","0","381","90","","0","1280","241","0","","","","","","","","","907","","","","","","","","","","","","0","826","198","","","91","511","","209","","589","0","0","","0","","1310","0","","","","526","0","2962","649","","1087","70","0","0","0","378","74","36","","","158","0","20","253","41","0","0","0","","817","1517","","362","","","","","","","","","","0","0","1515","","","","364","","","","0","","","","55","","473","","","524","","","","","983","","","0","","","","","0","341","0","0","","0","","370","","573","","","","","175","","","","","","","","","","","","","","","","","","","","","","646","514","","","3444","","","","","","","","","","","","","","","","","68","","","","","","","","","","","","","197","","","","","","","693","0","121","1103","","606","","5787","","11019","5090","1080","1662","","","","0","0","527","3150","1343","","","","","","0","","","","","",""
"Albanian","","","","","","","","","685","","","","43","342","","1946","","","","","","","201","0","","","0","","","","0","0","0","","","0","283","0","","0","","","","","0","","","93","336","","139","","119","","0","","52","0","","","289","14","","","","","","50","438","261","244","307","","0","85","","","","130","0","","2779","680","2485","1505","1599","219","677","","191","","","1782","","","0","","595","0","390","2278","863","438","1368","191","","2267","","1030","436","537","0","0","","","","","","","0","88","265","675","","","","","","","","","","","247","","","","","1252","1454","561","2746","2828","186","","","","","","","","","","","40","","","","","","268","","","","","","0","","","","","","","","","","","","","","","","","223","241","","347","650","","579","","4577","547","599","1756","","1525","4456","","191","","","","","2073","2561","","3033","9230","3457","2343","1617","","0","465","0","373","","","","","","","","","1019","","","","","","","","","","","","24","0","1499","","","241","480","","1028","","5518","270","917","","6771","","1905","1740","","","","876","725","763","3188","","2878","1661","1238","3290","2347","12320","596","2688","","","7503","2635","631","203","731","125","745","495","","301","164","","0","","","","","","","","","","693","101","379","","","","186","","","","1837","","","","768","","118","","","0","","","","","115","","","0","","","","","123","1196","2320","2328","","173","","161","","932","","","","","93","","","","","","","","","","","","","","","","","","","","","","45","132","","","227","","","","","","","","","","","","","","","","","148","","","","","","","","","","","","","126","","","","","","","0","202","24","44","","22","","1959","","220","614","213","138","","","","0","59","0","199","286","","","","","","78","","","","","",""
"Alastian","","","","","","","","","42","","","","0","42","","0","","","","","","","0","45","","","0","","","","0","47","111","","","0","0","0","","183","","","","","0","","","0","0","","0","","0","","0","","276","0","","","0","18","","","","","","0","0","0","0","0","","0","72","","","","41","0","","0","0","0","50","55","0","0","","0","","","0","","","0","","0","0","0","33","0","0","0","0","","55","","0","0","0","35","0","","","","","","","0","53","0","0","","","","","","","","","","","0","","","","","0","0","0","72","0","0","","","","","","","","","","","0","","","","","","0","","","","","","0","","","","","","","","","","","","","","","","","0","0","","0","0","","0","","16","0","0","121","","88","0","","27","","","","","0","99","","0","0","0","0","51","","0","0","0","166","","","","","","","","","132","","","","","","","","","","","","238","0","0","","","0","72","","0","","43","0","0","","0","","22","0","","","","0","0","0","0","","0","0","0","0","0","0","0","195","","","0","87","80","0","0","329","77","26","","0","65","","0","","","","","","","","","","0","54","0","","","","0","","","","0","","","","0","","52","","","94","","","","","62","","","119","","","","","0","77","48","37","","0","","0","","0","","","","","0","","","","","","","","","","","","","","","","","","","","","","0","0","","","0","","","","","","","","","","","","","","","","","0","","","","","","","","","","","","","242","","","","","","","0","22","0","0","","0","","0","","0","0","0","302","","","","0","0","0","46","0","","","","","","0","","","","","",""
"American","","","","","","","","","27707","","","","36123","32532","","32191","","","","","","","18671","23600","","","18819","","","","20753","17286","15026","","","20274","15856","12438","","16068","","","","","15752","","","18822","18526","","37823","","24879","","29954","","31916","22967","","","39620","23731","","","","","","27461","26233","26462","20135","17968","","23553","22786","","","","23977","25879","","18222","25464","17909","27729","23869","45396","19305","","47437","","","49401","","","58053","","64503","112494","115825","64468","41651","52742","50579","73143","","69219","","105763","59366","35771","59779","36003","","","","","","","32925","27089","47167","29228","","","","","","","","","","","48279","","","","","17369","16767","15583","18133","20332","22265","","","","","","","","","","","73647","","","","","","40153","","","","","","38582","","","","","","","","","","","","","","","","","37259","27906","","33975","40791","","19025","","27016","21624","22418","20729","","19263","29575","","34857","","","","","36940","32116","","31949","25558","33340","35357","59695","","21410","21741","19225","12706","","","","","","","","","38902","","","","","","","","","","","","22066","38799","25512","","","30898","25932","","24956","","25327","14845","32060","","16085","","22360","19888","","","","36530","18129","31093","27859","","13749","20996","35179","30998","19942","35281","44435","26141","","","29609","49599","41787","35767","35829","53194","27878","39284","","32615","20734","","44435","","","","","","","","","","41046","62736","45172","","","","24802","","","","30381","","","","19959","","40503","","","51030","","","","","34548","","","24688","","","","","20147","28734","18386","28486","","45023","","46389","","22850","","","","","22683","","","","","","","","","","","","","","","","","","","","","","60831","52096","","","23240","","","","","","","","","","","","","","","","","38165","","","","","","","","","","","","","22133","","","","","","","73174","69771","38693","35599","","58731","","20946","","38621","21856","22852","24319","","","","30815","22020","28147","17775","33796","","","","","","12692","","","","","",""
"Arab","","","","","","","","","5970","","","","6492","5305","","8624","","","","","","","5726","6476","","","7005","","","","8366","6734","7567","","","9758","5051","5110","","6476","","","","","3979","","","8516","6150","","11038","","11532","","2785","","12059","4124","","","9780","9626","","","","","","15299","14023","6062","11973","21166","","4867","4794","","","","7041","2345","","2789","3305","6047","6347","5795","6595","7613","","2748","","","11350","","","3223","","5795","5973","4926","7179","5986","10578","8288","3012","","3849","","5347","9194","9157","7849","6967","","","","","","","5627","3573","5338","9515","","","","","","","","","","","2305","","","","","10830","24148","8871","9504","10364","2241","","","","","","","","","","","2811","","","","","","2917","","","","","","2957","","","","","","","","","","","","","","","","","4201","6768","","4202","5271","","10953","","12986","8684","8672","11521","","9461","12434","","1868","","","","","18806","7757","","8410","18469","29145","80966","25692","","4359","3221","4254","3524","","","","","","","","","6405","","","","","","","","","","","","2294","1717","4427","","","4691","3645","","6988","","7630","5885","8641","","17496","","14679","11110","","","","3878","2281","4501","2971","","10629","12088","12797","8200","12352","33823","12897","3751","","","8571","3390","6671","3861","6770","2766","9489","5828","","2558","10114","","10619","","","","","","","","","","5202","7265","3233","","","","10533","","","","12294","","","","8687","","5587","","","4927","","","","","5444","","","2288","","","","","4154","6042","4581","3990","","3518","","4631","","7393","","","","","5477","","","","","","","","","","","","","","","","","","","","","","9523","6564","","","15497","","","","","","","","","","","","","","","","","8380","","","","","","","","","","","","","7838","","","","","","","11194","2007","6981","5153","","4330","","14957","","13859","23359","6462","2503","","","","1336","5499","4894","7595","5873","","","","","","3266","","","","","",""
"Arab > Egyptian","","","","","","","","","1523","","","","387","330","","452","","","","","","","94","523","","","662","","","","470","662","782","","","1466","917","1559","","811","","","","","62","","","2375","785","","1679","","1660","","700","","2527","1599","","","2051","4460","","","","","","4144","110","543","2365","953","","367","303","","","","347","0","","147","89","685","358","611","2229","447","","818","","","1185","","","306","","780","743","2811","2748","604","1704","210","92","","1587","","387","895","775","204","1753","","","","","","","329","448","545","1695","","","","","","","","","","","180","","","","","979","1582","3961","480","330","385","","","","","","","","","","","324","","","","","","494","","","","","","177","","","","","","","","","","","","","","","","","430","2704","","258","751","","958","","1907","2061","826","1049","","1081","195","","83","","","","","1852","308","","256","448","1814","202","39","","399","529","1465","372","","","","","","","","","455","","","","","","","","","","","","0","101","384","","","698","400","","2100","","1855","2259","3498","","2204","","3058","6123","","","","1261","415","1164","1166","","3756","1913","1184","1079","1915","13907","2328","578","","","1705","613","1646","346","304","272","764","364","","356","1006","","1943","","","","","","","","","","350","1705","217","","","","644","","","","2281","","","","694","","491","","","648","","","","","1063","","","250","","","","","1069","1237","1831","871","","429","","771","","386","","","","","209","","","","","","","","","","","","","","","","","","","","","","1753","2573","","","1901","","","","","","","","","","","","","","","","","2168","","","","","","","","","","","","","416","","","","","","","2578","232","1051","1036","","784","","1596","","4485","4878","2164","186","","","","302","1511","705","1189","1290","","","","","","325","","","","","",""
"Arab > Iraqi","","","","","","","","","850","","","","632","242","","3968","","","","","","","39","1340","","","1735","","","","62","42","123","","","23","75","52","","100","","","","","41","","","303","0","","1303","","256","","45","","180","0","","","493","180","","","","","","521","5941","707","1380","12053","","231","393","","","","296","0","","42","446","102","72","28","0","271","","171","","","319","","","0","","267","0","0","94","122","0","0","158","","50","","0","0","1243","48","447","","","","","","","1722","157","911","697","","","","","","","","","","","312","","","","","574","771","451","1299","3393","60","","","","","","","","","","","0","","","","","","48","","","","","","164","","","","","","","","","","","","","","","","","306","669","","0","43","","535","","440","335","142","328","","336","0","","0","","","","","741","408","","2254","9428","13017","4366","1276","","95","0","0","851","","","","","","","","","62","","","","","","","","","","","","97","0","523","","","0","169","","47","","23","0","0","","169","","173","28","","","","170","0","202","172","","0","976","80","51","77","406","1822","0","","","624","62","0","265","1222","0","934","0","","112","160","","133","","","","","","","","","","0","526","0","","","","312","","","","0","","","","301","","191","","","50","","","","","361","","","74","","","","","0","0","44","0","","199","","46","","605","","","","","658","","","","","","","","","","","","","","","","","","","","","","1271","335","","","1989","","","","","","","","","","","","","","","","","453","","","","","","","","","","","","","264","","","","","","","1433","0","229","34","","303","","283","","935","887","416","450","","","","0","426","2309","1806","483","","","","","","874","","","","","",""
"Arab > Jordanian","","","","","","","","","391","","","","56","220","","2460","","","","","","","465","0","","","365","","","","173","0","0","","","904","54","485","","24","","","","","49","","","467","255","","648","","607","","90","","547","96","","","415","931","","","","","","304","1126","195","147","269","","237","0","","","","0","266","","0","0","68","78","0","182","134","","85","","","111","","","53","","733","0","0","0","43","1453","163","84","","0","","125","229","1220","0","0","","","","","","","0","0","0","173","","","","","","","","","","","13","","","","","656","4854","194","392","1110","72","","","","","","","","","","","76","","","","","","546","","","","","","62","","","","","","","","","","","","","","","","","215","387","","89","77","","327","","204","0","40","218","","95","94","","0","","","","","1020","1196","","142","506","879","785","115","","220","0","0","40","","","","","","","","","249","","","","","","","","","","","","0","57","50","","","0","695","","88","","101","196","0","","1572","","3120","0","","","","0","129","44","0","","0","241","0","0","0","462","238","0","","","1914","0","1105","68","1258","148","260","0","","261","339","","280","","","","","","","","","","222","103","0","","","","619","","","","1621","","","","116","","86","","","256","","","","","175","","","172","","","","","0","0","0","68","","108","","0","","213","","","","","0","","","","","","","","","","","","","","","","","","","","","","467","940","","","1780","","","","","","","","","","","","","","","","","2503","","","","","","","","","","","","","315","","","","","","","0","0","0","0","","486","","118","","421","2032","401","0","","","","0","262","0","278","1210","","","","","","360","","","","","",""
"Arab > Lebanese","","","","","","","","","2436","","","","2388","1510","","668","","","","","","","1661","2447","","","895","","","","1313","1900","1410","","","1964","1363","816","","1436","","","","","1160","","","1839","3305","","4168","","2507","","1279","","3572","894","","","1990","2189","","","","","","2845","1972","1410","4630","1712","","1166","1259","","","","827","715","","852","1037","1738","1860","2842","1084","3341","","943","","","2462","","","1157","","2209","2353","668","2220","2362","2545","1431","1561","","1535","","2606","4315","2349","1766","1224","","","","","","","1145","851","1832","438","","","","","","","","","","","705","","","","","2789","1657","5741","1491","2344","428","","","","","","","","","","","350","","","","","","846","","","","","","1400","","","","","","","","","","","","","","","","","508","943","","895","1009","","1925","","6752","4400","4628","3334","","3243","8384","","1151","","","","","6739","3270","","2826","3214","5309","38134","4564","","3099","1172","1745","1270","","","","","","","","","918","","","","","","","","","","","","710","1458","926","","","2663","593","","874","","1711","714","2084","","2305","","2339","1431","","","","739","461","659","650","","2818","2472","1289","673","3098","2862","4544","1500","","","1441","651","1350","1238","1980","1740","3966","1856","","936","4278","","3345","","","","","","","","","","1187","1343","1304","","","","1194","","","","6224","","","","3482","","2050","","","1785","","","","","824","","","531","","","","","1589","808","400","835","","1648","","524","","2209","","","","","2416","","","","","","","","","","","","","","","","","","","","","","2185","764","","","3497","","","","","","","","","","","","","","","","","1500","","","","","","","","","","","","","2070","","","","","","","3090","1090","720","1324","","1184","","3133","","1708","5530","517","942","","","","296","1482","737","452","1368","","","","","","454","","","","","",""
"Arab > Moroccan","","","","","","","","","0","","","","0","125","","0","","","","","","","212","0","","","0","","","","66","734","642","","","1423","278","161","","658","","","","","273","","","125","0","","532","","761","","72","","119","385","","","1719","134","","","","","","242","806","135","454","210","","148","1507","","","","803","248","","867","883","550","1732","103","897","791","","83","","","944","","","448","","931","1226","0","580","253","847","2083","340","","26","","121","796","830","2954","1377","","","","","","","495","91","1041","2652","","","","","","","","","","","33","","","","","448","2602","294","424","319","291","","","","","","","","","","","133","","","","","","0","","","","","","175","","","","","","","","","","","","","","","","","307","549","","1332","1881","","1693","","1232","219","274","1867","","3308","1535","","77","","","","","541","40","","314","0","130","234","112","","188","1070","0","144","","","","","","","","","351","","","","","","","","","","","","629","0","416","","","99","528","","925","","850","538","561","","1273","","304","258","","","","386","970","732","149","","691","1765","504","777","403","2894","767","1239","","","858","971","680","177","457","19","738","0","","0","156","","574","","","","","","","","","","708","1304","1071","","","","1592","","","","80","","","","685","","0","","","240","","","","","112","","","171","","","","","512","0","579","857","","6","","418","","1286","","","","","161","","","","","","","","","","","","","","","","","","","","","","278","718","","","1522","","","","","","","","","","","","","","","","","149","","","","","","","","","","","","","774","","","","","","","699","302","4166","1227","","0","","4605","","914","2619","256","49","","","","98","698","0","115","127","","","","","","220","","","","","",""
"Arab > Palestinian","","","","","","","","","223","","","","276","318","","37","","","","","","","350","1317","","","819","","","","1385","1096","446","","","1635","964","285","","921","","","","","0","","","478","175","","788","","614","","380","","145","46","","","898","0","","","","","","2665","951","107","1155","221","","2038","43","","","","133","168","","158","0","309","57","213","675","595","","89","","","669","","","0","","535","1081","174","285","775","850","1674","335","","345","","1276","246","226","574","0","","","","","","","0","169","219","200","","","","","","","","","","","0","","","","","2773","6484","90","637","2224","485","","","","","","","","","","","105","","","","","","305","","","","","","92","","","","","","","","","","","","","","","","","120","100","","64","797","","1556","","283","50","244","219","","161","231","","7","","","","","1810","336","","216","340","254","3147","321","","214","310","951","202","","","","","","","","","512","","","","","","","","","","","","170","0","280","","","82","23","","488","","244","268","591","","3592","","2652","775","","","","0","0","21","189","","0","0","342","0","674","3948","728","0","","","110","499","366","318","0","20","450","12","","456","1665","","775","","","","","","","","","","666","504","81","","","","76","","","","796","","","","1377","","227","","","60","","","","","427","","","232","","","","","311","0","120","62","","0","","36","","0","","","","","480","","","","","","","","","","","","","","","","","","","","","","1223","327","","","1609","","","","","","","","","","","","","","","","","518","","","","","","","","","","","","","321","","","","","","","524","41","48","493","","263","","1398","","359","1393","39","301","","","","49","281","253","48","0","","","","","","665","","","","","",""
"Arab > Syrian","","","","","","","","","74","","","","778","202","","73","","","","","","","307","290","","","443","","","","266","226","326","","","903","229","746","","677","","","","","1264","","","2173","736","","667","","699","","154","","2510","240","","","1528","33","","","","","","3083","154","542","397","590","","167","767","","","","428","236","","317","725","242","709","793","221","1371","","132","","","2924","","","236","","66","730","275","742","517","892","731","294","","189","","339","1005","1566","981","1871","","","","","","","280","627","299","1295","","","","","","","","","","","337","","","","","1115","711","69","1173","70","114","","","","","","","","","","","182","","","","","","68","","","","","","153","","","","","","","","","","","","","","","","","616","1207","","144","58","","680","","1649","362","945","1315","","378","1474","","85","","","","","1268","602","","1016","944","2225","6706","259","","126","0","168","169","","","","","","","","","126","","","","","","","","","","","","60","0","242","","","849","265","","376","","1062","880","1499","","2350","","3093","421","","","","399","0","286","405","","303","379","2501","3645","531","1784","478","0","","","340","116","423","7","582","438","1374","415","","243","390","","449","","","","","","","","","","654","281","156","","","","457","","","","517","","","","584","","277","","","1081","","","","","760","","","97","","","","","109","1820","452","967","","728","","150","","1333","","","","","1009","","","","","","","","","","","","","","","","","","","","","","1299","141","","","669","","","","","","","","","","","","","","","","","487","","","","","","","","","","","","","584","","","","","","","1811","196","352","385","","535","","989","","1191","668","1504","178","","","","42","349","0","1607","250","","","","","","115","","","","","",""
"Arab > Arab","","","","","","","","","157","","","","247","1355","","1025","","","","","","","794","11","","","518","","","","1887","874","1527","","","925","554","141","","1238","","","","","586","","","204","172","","342","","1945","","0","","527","0","","","458","700","","","","","","1392","1435","521","926","3007","","221","225","","","","603","465","","45","0","209","334","767","287","123","","154","","","1307","","","0","","35","0","770","377","851","2101","1324","54","","72","","90","0","556","225","102","","","","","","","174","745","152","783","","","","","","","","","","","343","","","","","145","4694","111","1893","607","184","","","","","","","","","","","846","","","","","","48","","","","","","183","","","","","","","","","","","","","","","","","361","541","","479","730","","1019","","387","728","58","432","","342","63","","174","","","","","2145","782","","1405","1697","1681","4992","8955","","49","0","0","115","","","","","","","","","3372","","","","","","","","","","","","55","0","1027","","","0","63","","57","","1044","925","0","","4054","","328","1506","","","","186","126","506","109","","210","252","509","173","199","1433","64","264","","","964","0","481","182","131","0","368","652","","140","0","","273","","","","","","","","","","268","314","0","","","","1573","","","","465","","","","1456","","1790","","","350","","","","","1433","","","104","","","","","238","0","240","0","","273","","1336","","347","","","","","177","","","","","","","","","","","","","","","","","","","","","","323","61","","","1166","","","","","","","","","","","","","","","","","423","","","","","","","","","","","","","341","","","","","","","720","58","434","127","","458","","1366","","2568","1518","404","56","","","","186","748","116","1607","669","","","","","","122","","","","","",""
"Arab > Other Arab","","","","","","","","","316","","","","1879","1206","","398","","","","","","","1804","665","","","1922","","","","2844","1812","2828","","","1242","789","1433","","1212","","","","","622","","","1210","722","","1349","","3326","","219","","3263","1104","","","925","1054","","","","","","1640","2714","1902","781","4162","","609","426","","","","3901","281","","444","490","2169","1371","438","1020","699","","273","","","1704","","","1065","","239","880","228","193","903","455","1239","244","","45","","403","1769","924","1356","429","","","","","","","1482","637","712","1663","","","","","","","","","","","532","","","","","2435","3377","615","1968","500","292","","","","","","","","","","","900","","","","","","654","","","","","","551","","","","","","","","","","","","","","","","","1338","145","","941","927","","2848","","515","529","1692","3238","","900","815","","298","","","","","3186","902","","539","2428","4253","23080","10051","","110","140","124","610","","","","","","","","","642","","","","","","","","","","","","573","101","629","","","399","1066","","2033","","1137","269","408","","1373","","856","911","","","","984","258","976","185","","2851","4207","6388","2181","5807","7002","3002","640","","","660","538","908","1260","836","129","1378","2529","","54","2574","","3016","","","","","","","","","","1371","1325","577","","","","4378","","","","846","","","","366","","561","","","518","","","","","746","","","657","","","","","326","2234","1064","330","","204","","1396","","1147","","","","","439","","","","","","","","","","","","","","","","","","","","","","1257","705","","","2021","","","","","","","","","","","","","","","","","554","","","","","","","","","","","","","3391","","","","","","","339","88","229","582","","377","","2005","","2293","4948","906","397","","","","416","388","774","1612","646","","","","","","330","","","","","",""
"Armenian","","","","","","","","","770","","","","901","1629","","1191","","","","","","","1599","901","","","4481","","","","1160","1717","1446","","","1232","1206","1402","","1137","","","","","2015","","","10363","11060","","100979","","20049","","2026","","5317","464","","","2414","1573","","","","","","3454","649","2075","2626","2279","","297","1008","","","","207","720","","779","593","442","482","1215","560","675","","503","","","375","","","157","","381","712","326","607","479","299","1084","148","","707","","750","889","2301","1060","628","","","","","","","42","664","150","368","","","","","","","","","","","369","","","","","1680","453","541","998","1748","1713","","","","","","","","","","","281","","","","","","35","","","","","","248","","","","","","","","","","","","","","","","","229","701","","717","519","","1057","","3150","2469","2413","7769","","832","1536","","444","","","","","1187","605","","1683","1071","3377","602","811","","45","250","247","279","","","","","","","","","669","","","","","","","","","","","","2426","949","3031","","","2231","811","","1129","","5048","464","457","","1009","","1693","203","","","","1708","797","1629","828","","1257","2101","1524","359","1161","1408","2140","728","","","1057","736","1075","371","2219","644","791","545","","614","394","","290","","","","","","","","","","519","261","859","","","","542","","","","750","","","","723","","345","","","384","","","","","1315","","","850","","","","","0","1429","2314","864","","465","","756","","257","","","","","166","","","","","","","","","","","","","","","","","","","","","","348","450","","","286","","","","","","","","","","","","","","","","","311","","","","","","","","","","","","","802","","","","","","","517","678","390","137","","342","","2533","","748","705","887","663","","","","838","1575","406","983","316","","","","","","530","","","","","",""
"Assyrian/Chaldean/Syriac","","","","","","","","","651","","","","737","0","","2048","","","","","","","241","692","","","0","","","","401","329","138","","","108","499","50","","435","","","","","1006","","","116","46","","0","","675","","52","","111","31","","","779","280","","","","","","93","1195","153","400","1525","","0","0","","","","0","0","","137","248","0","0","527","192","0","","0","","","0","","","0","","0","75","0","225","0","0","0","128","","361","","67","7","0","0","0","","","","","","","87","0","0","0","","","","","","","","","","","0","","","","","2584","142","0","1980","6970","330","","","","","","","","","","","0","","","","","","0","","","","","","0","","","","","","","","","","","","","","","","","0","0","","0","0","","173","","144","0","0","0","","0","0","","117","","","","","576","844","","2199","22255","10184","890","67","","46","0","77","0","","","","","","","","","0","","","","","","","","","","","","0","44","330","","","293","59","","0","","94","0","0","","181","","0","0","","","","0","0","115","0","","0","0","0","70","0","0","21","0","","","577","147","0","0","0","0","0","0","","0","0","","227","","","","","","","","","","0","0","0","","","","0","","","","0","","","","0","","0","","","0","","","","","28","","","171","","","","","0","0","0","0","","0","","0","","0","","","","","0","","","","","","","","","","","","","","","","","","","","","","0","0","","","28","","","","","","","","","","","","","","","","","0","","","","","","","","","","","","","0","","","","","","","0","43","0","0","","0","","398","","0","0","0","0","","","","0","0","0","0","0","","","","","","0","","","","","",""
"Australian","","","","","","","","","199","","","","79","166","","327","","","","","","","229","470","","","46","","","","0","810","635","","","186","1230","305","","374","","","","","736","","","495","228","","933","","830","","0","","804","0","","","211","931","","","","","","705","195","44","414","305","","80","416","","","","242","526","","0","99","176","630","0","94","257","","49","","","140","","","556","","793","106","397","935","272","134","81","377","","146","","342","408","185","89","97","","","","","","","176","187","0","538","","","","","","","","","","","6","","","","","678","124","863","80","661","308","","","","","","","","","","","53","","","","","","290","","","","","","0","","","","","","","","","","","","","","","","","51","131","","0","239","","585","","245","0","197","521","","57","288","","95","","","","","409","65","","356","346","362","380","0","","67","466","259","258","","","","","","","","","303","","","","","","","","","","","","185","346","1842","","","119","50","","31","","402","0","88","","0","","309","0","","","","241","143","107","253","","0","1593","863","332","1404","43","419","605","","","123","882","97","400","235","79","154","84","","516","91","","74","","","","","","","","","","117","110","457","","","","375","","","","53","","","","63","","37","","","72","","","","","49","","","174","","","","","297","0","0","359","","160","","0","","141","","","","","230","","","","","","","","","","","","","","","","","","","","","","375","632","","","717","","","","","","","","","","","","","","","","","1008","","","","","","","","","","","","","156","","","","","","","103","76","0","90","","0","","262","","218","72","621","383","","","","86","845","591","333","325","","","","","","59","","","","","",""
"Austrian","","","","","","","","","3034","","","","1918","1570","","541","","","","","","","2153","1455","","","568","","","","1720","2021","2283","","","854","2421","423","","1587","","","","","1730","","","592","461","","2488","","2028","","756","","4459","369","","","2367","1324","","","","","","1931","1644","2451","1891","1456","","1705","2201","","","","2295","2208","","2228","1080","1714","3067","1867","1772","1570","","750","","","1458","","","1254","","1677","1746","1639","1638","1627","1207","1979","2475","","2534","","3106","3770","2740","1050","1571","","","","","","","1063","1429","1678","373","","","","","","","","","","","908","","","","","3462","2662","920","1854","3042","2822","","","","","","","","","","","644","","","","","","751","","","","","","971","","","","","","","","","","","","","","","","","1590","1828","","904","1408","","1743","","1143","746","1207","2987","","1654","880","","1281","","","","","1589","1148","","1208","1538","1465","874","464","","1808","1591","2376","3477","","","","","","","","","2083","","","","","","","","","","","","1351","1050","2968","","","1005","1420","","3168","","4327","1545","2797","","1065","","3756","2070","","","","3416","2534","3022","3900","","1161","1773","560","1478","4562","1531","9088","800","","","2670","3111","2255","1858","1631","1074","1521","1366","","1235","642","","1532","","","","","","","","","","507","902","1552","","","","1950","","","","3512","","","","1425","","2021","","","1410","","","","","1828","","","1813","","","","","1258","2899","1460","2716","","2254","","1304","","2860","","","","","2654","","","","","","","","","","","","","","","","","","","","","","948","861","","","957","","","","","","","","","","","","","","","","","1551","","","","","","","","","","","","","1432","","","","","","","1171","1199","783","846","","1112","","2550","","1621","1639","2376","1316","","","","1744","3495","1285","2370","783","","","","","","2264","","","","","",""
"Basque","","","","","","","","","162","","","","56","515","","367","","","","","","","557","458","","","198","","","","182","765","45","","","330","133","238","","500","","","","","844","","","344","456","","49","","0","","175","","298","580","","","343","128","","","","","","167","150","293","533","285","","645","304","","","","54","202","","57","197","558","0","0","77","373","","121","","","207","","","258","","267","0","0","40","74","60","55","139","","0","","0","0","236","463","165","","","","","","","0","0","65","0","","","","","","","","","","","3514","","","","","0","59","0","0","66","0","","","","","","","","","","","0","","","","","","0","","","","","","386","","","","","","","","","","","","","","","","","0","71","","201","0","","15","","159","58","0","414","","0","0","","9","","","","","0","55","","0","0","0","0","0","","0","211","0","30","","","","","","","","","59","","","","","","","","","","","","301","2492","387","","","132","0","","18","","0","50","0","","41","","0","170","","","","103","50","0","467","","0","0","0","0","186","0","459","0","","","0","82","155","84","0","0","68","0","","184","0","","33","","","","","","","","","","0","37","66","","","","0","","","","0","","","","45","","0","","","67","","","","","115","","","203","","","","","111","0","0","47","","0","","0","","60","","","","","0","","","","","","","","","","","","","","","","","","","","","","101","50","","","0","","","","","","","","","","","","","","","","","202","","","","","","","","","","","","","344","","","","","","","0","207","0","9","","0","","53","","237","77","478","0","","","","220","395","60","179","305","","","","","","67","","","","","",""
"Belgian","","","","","","","","","1542","","","","649","2405","","2621","","","","","","","1129","923","","","549","","","","336","1774","753","","","860","1099","321","","311","","","","","1073","","","74","195","","269","","956","","230","","465","764","","","870","557","","","","","","661","1184","692","754","465","","846","1921","","","","880","542","","336","438","377","584","501","647","653","","428","","","663","","","960","","257","1257","783","424","236","843","718","871","","1465","","331","0","703","442","255","","","","","","","580","719","702","212","","","","","","","","","","","491","","","","","750","983","760","867","968","1806","","","","","","","","","","","424","","","","","","4154","","","","","","1406","","","","","","","","","","","","","","","","","473","220","","377","192","","1015","","397","719","744","742","","616","650","","4505","","","","","1523","1894","","7077","6500","2202","1347","982","","2049","1216","736","2132","","","","","","","","","550","","","","","","","","","","","","445","814","578","","","675","274","","0","","634","151","220","","461","","399","522","","","","611","281","195","1278","","92","846","0","34","643","98","720","132","","","199","401","460","577","259","268","189","201","","846","195","","506","","","","","","","","","","215","865","41","","","","944","","","","708","","","","278","","290","","","192","","","","","739","","","940","","","","","442","183","195","223","","320","","327","","718","","","","","1097","","","","","","","","","","","","","","","","","","","","","","66","695","","","48","","","","","","","","","","","","","","","","","376","","","","","","","","","","","","","964","","","","","","","307","224","603","0","","76","","1212","","719","901","1071","1349","","","","470","592","865","297","1060","","","","","","1715","","","","","",""
"Brazilian","","","","","","","","","1171","","","","779","827","","157","","","","","","","1965","522","","","963","","","","1302","1771","1301","","","3515","1771","963","","900","","","","","364","","","206","1294","","1587","","1937","","602","","4746","932","","","1723","261","","","","","","1537","661","3663","2525","1124","","714","1318","","","","222","553","","1473","1222","1679","9694","10450","546","2101","","1764","","","4840","","","2578","","11252","9643","1795","801","4017","1114","3254","2023","","5099","","2774","4433","25673","6763","9038","","","","","","","738","1080","4926","1267","","","","","","","","","","","226","","","","","1321","51","306","512","355","853","","","","","","","","","","","238","","","","","","424","","","","","","656","","","","","","","","","","","","","","","","","531","1362","","465","1619","","3475","","23584","16742","9886","28260","","11175","10052","","54","","","","","1476","607","","253","910","774","398","137","","60","198","670","402","","","","","","","","","195","","","","","","","","","","","","0","586","978","","","442","1798","","1539","","1174","5857","3088","","5272","","3165","1744","","","","651","161","2121","1471","","872","1703","158","363","1423","395","4012","2019","","","2017","1791","1070","795","947","2010","504","1406","","730","127","","766","","","","","","","","","","581","1048","3047","","","","1307","","","","45","","","","213","","93","","","355","","","","","486","","","328","","","","","926","1170","573","1584","","819","","122","","457","","","","","593","","","","","","","","","","","","","","","","","","","","","","1596","1310","","","2162","","","","","","","","","","","","","","","","","253","","","","","","","","","","","","","2359","","","","","","","865","160","286","690","","689","","2402","","621","744","1221","1541","","","","275","1420","567","972","348","","","","","","90","","","","","",""
"British","","","","","","","","","5823","","","","4184","5257","","3260","","","","","","","7761","4397","","","4448","","","","5113","4871","3617","","","2572","5651","2278","","4380","","","","","4917","","","1154","3528","","4001","","6553","","2027","","5119","1580","","","3143","2541","","","","","","2208","2699","3386","5496","3444","","4891","5989","","","","4245","4802","","1987","2422","3048","3670","2361","3520","5660","","3929","","","8357","","","3481","","3355","5424","3144","3411","4022","4555","3806","4450","","3255","","3581","2876","3251","1901","2152","","","","","","","3881","3206","6179","2370","","","","","","","","","","","8555","","","","","3321","914","1875","1112","3015","2979","","","","","","","","","","","2513","","","","","","2048","","","","","","3373","","","","","","","","","","","","","","","","","2639","3827","","3381","3044","","3886","","3182","2140","1760","3705","","3007","2428","","2319","","","","","3176","3602","","2546","2342","2847","1426","776","","2610","2186","1741","4037","","","","","","","","","1718","","","","","","","","","","","","2975","2966","2253","","","3180","2027","","2012","","1118","748","2210","","425","","1944","1352","","","","1786","1106","718","581","","814","2780","1482","1633","4163","634","7893","1014","","","2284","2341","3130","3315","3415","2597","1377","1814","","2415","1515","","5755","","","","","","","","","","2079","3316","4931","","","","4067","","","","2211","","","","2067","","2804","","","3888","","","","","5773","","","6988","","","","","2910","1790","2321","2920","","793","","1978","","2058","","","","","2610","","","","","","","","","","","","","","","","","","","","","","4521","4089","","","1813","","","","","","","","","","","","","","","","","5094","","","","","","","","","","","","","6664","","","","","","","3719","3072","2460","2238","","2151","","4769","","4276","3842","4436","6304","","","","5321","7064","4426","4787","6563","","","","","","1231","","","","","",""
"Bulgarian","","","","","","","","","1213","","","","438","0","","593","","","","","","","213","375","","","260","","","","480","521","280","","","367","549","518","","192","","","","","387","","","210","0","","428","","449","","222","","238","472","","","1546","519","","","","","","0","224","0","491","620","","356","224","","","","159","465","","0","120","45","794","46","192","315","","43","","","190","","","37","","78","292","62","504","1252","321","560","1510","","147","","271","253","905","434","1410","","","","","","","409","130","987","128","","","","","","","","","","","307","","","","","2624","1357","696","6403","1679","1165","","","","","","","","","","","143","","","","","","0","","","","","","0","","","","","","","","","","","","","","","","","525","170","","205","505","","386","","0","87","1103","946","","368","762","","249","","","","","164","214","","203","498","1655","65","150","","333","517","227","128","","","","","","","","","829","","","","","","","","","","","","182","28","1352","","","81","44","","13","","301","99","488","","425","","485","576","","","","113","45","25","48","","631","547","0","123","228","0","1063","233","","","342","426","368","140","42","0","77","435","","27","0","","349","","","","","","","","","","0","305","130","","","","159","","","","416","","","","65","","407","","","327","","","","","103","","","50","","","","","180","75","280","230","","329","","36","","186","","","","","162","","","","","","","","","","","","","","","","","","","","","","465","108","","","29","","","","","","","","","","","","","","","","","368","","","","","","","","","","","","","0","","","","","","","0","359","0","118","","103","","257","","608","308","509","208","","","","389","1650","324","1062","66","","","","","","96","","","","","",""
"Cajun","","","","","","","","","31","","","","90","149","","142","","","","","","","0","0","","","336","","","","0","105","489","","","0","0","69","","75","","","","","135","","","51","0","","0","","0","","52","","258","0","","","123","170","","","","","","0","0","0","0","0","","71","149","","","","107","28","","0","66","0","41","0","0","92","","223","","","116","","","182","","0","0","127","28","186","0","0","0","","0","","91","197","50","110","0","","","","","","","0","65","85","94","","","","","","","","","","","76","","","","","0","0","0","0","138","0","","","","","","","","","","","93","","","","","","0","","","","","","0","","","","","","","","","","","","","","","","","25","81","","0","0","","176","","244","96","0","0","","0","0","","49","","","","","73","0","","0","0","0","0","114","","27","0","0","0","","","","","","","","","124","","","","","","","","","","","","0","149","0","","","44","0","","0","","0","0","0","","0","","0","0","","","","0","0","0","0","","0","0","50","66","0","0","560","88","","","0","0","0","0","81","0","161","0","","0","0","","0","","","","","","","","","","46","0","42","","","","0","","","","58","","","","0","","0","","","94","","","","","87","","","40","","","","","0","50","0","223","","0","","443","","41","","","","","0","","","","","","","","","","","","","","","","","","","","","","504","483","","","0","","","","","","","","","","","","","","","","","300","","","","","","","","","","","","","513","","","","","","","93","49","0","60","","0","","154","","0","0","83","231","","","","0","43","0","383","0","","","","","","0","","","","","",""
"Canadian","","","","","","","","","2235","","","","2304","2442","","2475","","","","","","","2366","1428","","","880","","","","1363","1565","907","","","1244","1764","1536","","1213","","","","","1282","","","1820","1155","","1102","","1383","","1257","","3168","1033","","","2263","3157","","","","","","1515","1753","1986","2534","1947","","2671","2151","","","","1417","1049","","2125","3930","1572","2649","2142","1257","944","","948","","","2167","","","1648","","1850","5857","4817","3162","1121","1068","3376","3667","","3660","","2121","2493","4417","1143","2161","","","","","","","71","478","2103","761","","","","","","","","","","","2006","","","","","1527","267","1852","202","1199","1094","","","","","","","","","","","743","","","","","","453","","","","","","695","","","","","","","","","","","","","","","","","857","513","","409","813","","904","","4167","4296","3003","4114","","3644","2381","","2693","","","","","2107","2871","","4817","3702","4962","1928","1517","","1092","1600","795","1393","","","","","","","","","482","","","","","","","","","","","","2362","1685","1650","","","7603","215","","217","","484","751","1171","","0","","1278","649","","","","1502","316","642","326","","235","1502","537","1179","1321","318","2274","735","","","907","1097","2146","3095","1894","3691","1587","1413","","2520","2637","","1710","","","","","","","","","","969","1463","610","","","","741","","","","757","","","","684","","920","","","811","","","","","2114","","","2109","","","","","437","1458","620","1303","","453","","444","","528","","","","","709","","","","","","","","","","","","","","","","","","","","","","1545","579","","","491","","","","","","","","","","","","","","","","","2464","","","","","","","","","","","","","1059","","","","","","","526","1179","802","925","","1279","","693","","1725","719","3076","2710","","","","2428","3895","2448","2389","1931","","","","","","1333","","","","","",""
"Carpatho Rusyn","","","","","","","","","0","","","","0","0","","0","","","","","","","191","0","","","0","","","","0","0","0","","","0","0","0","","0","","","","","0","","","33","0","","0","","108","","0","","0","0","","","0","0","","","","","","0","0","0","0","0","","0","0","","","","0","0","","0","0","54","41","0","0","0","","0","","","0","","","0","","0","0","0","0","0","0","0","0","","46","","0","109","0","0","0","","","","","","","0","23","58","0","","","","","","","","","","","74","","","","","0","0","0","0","0","0","","","","","","","","","","","0","","","","","","0","","","","","","14","","","","","","","","","","","","","","","","","0","163","","79","0","","6","","0","0","0","0","","0","0","","0","","","","","86","0","","0","0","0","24","0","","0","0","47","0","","","","","","","","","0","","","","","","","","","","","","0","167","63","","","0","0","","0","","72","0","40","","0","","0","106","","","","0","0","0","447","","0","66","0","87","0","0","0","0","","","164","0","8","50","393","75","0","122","","39","0","","0","","","","","","","","","","0","0","0","","","","0","","","","135","","","","96","","85","","","0","","","","","0","","","0","","","","","0","0","0","0","","848","","0","","608","","","","","585","","","","","","","","","","","","","","","","","","","","","","0","0","","","0","","","","","","","","","","","","","","","","","57","","","","","","","","","","","","","0","","","","","","","0","0","0","41","","80","","0","","0","0","0","0","","","","0","74","0","63","0","","","","","","0","","","","","",""
"Celtic","","","","","","","","","43","","","","159","104","","65","","","","","","","88","231","","","433","","","","119","53","316","","","165","0","0","","80","","","","","26","","","0","0","","0","","0","","0","","97","147","","","69","0","","","","","","0","0","0","108","50","","145","92","","","","80","238","","0","0","0","0","0","46","181","","325","","","0","","","0","","0","101","0","171","0","0","0","241","","361","","112","0","0","115","60","","","","","","","107","83","0","0","","","","","","","","","","","688","","","","","0","0","0","0","35","0","","","","","","","","","","","72","","","","","","257","","","","","","0","","","","","","","","","","","","","","","","","382","341","","162","135","","0","","69","109","55","0","","0","245","","90","","","","","0","100","","109","0","54","85","92","","234","0","0","197","","","","","","","","","69","","","","","","","","","","","","54","77","192","","","21","153","","0","","0","0","43","","0","","0","0","","","","40","0","184","243","","52","59","0","0","31","94","173","174","","","0","0","217","134","149","79","0","98","","81","62","","224","","","","","","","","","","308","0","0","","","","0","","","","0","","","","116","","159","","","264","","","","","342","","","473","","","","","100","27","177","378","","45","","0","","11","","","","","0","","","","","","","","","","","","","","","","","","","","","","417","0","","","0","","","","","","","","","","","","","","","","","0","","","","","","","","","","","","","64","","","","","","","31","0","149","427","","99","","116","","0","84","0","84","","","","499","338","0","51","89","","","","","","0","","","","","",""
"Croatian","","","","","","","","","1601","","","","934","1472","","1508","","","","","","","1992","781","","","834","","","","1039","1209","1082","","","611","3066","770","","1696","","","","","1491","","","107","524","","863","","212","","305","","2152","513","","","1790","836","","","","","","1142","702","1758","1229","365","","1488","1417","","","","766","1336","","944","659","976","1129","1813","1053","1009","","379","","","921","","","267","","915","617","1688","998","2606","194","690","1430","","1327","","688","716","2089","430","252","","","","","","","471","687","1125","151","","","","","","","","","","","548","","","","","2489","5852","1579","1064","2086","1662","","","","","","","","","","","381","","","","","","1229","","","","","","3671","","","","","","","","","","","","","","","","","34","565","","790","938","","977","","274","288","975","555","","303","648","","2890","","","","","972","1018","","1712","1247","1837","1190","437","","1336","971","1329","870","","","","","","","","","3138","","","","","","","","","","","","406","378","1810","","","350","291","","438","","3607","778","859","","2384","","1064","186","","","","1078","1035","3864","960","","842","1212","0","308","1036","541","1377","461","","","757","1003","623","429","104","127","1007","1473","","314","758","","913","","","","","","","","","","433","758","808","","","","1135","","","","4427","","","","5002","","3607","","","262","","","","","964","","","995","","","","","1072","886","543","1015","","541","","3718","","6885","","","","","10410","","","","","","","","","","","","","","","","","","","","","","388","281","","","171","","","","","","","","","","","","","","","","","684","","","","","","","","","","","","","1055","","","","","","","527","163","978","961","","921","","1284","","909","1066","1273","1652","","","","2498","3188","1844","1319","951","","","","","","1347","","","","","",""
"Cypriot","","","","","","","","","0","","","","0","51","","0","","","","","","","0","0","","","0","","","","0","166","267","","","0","61","0","","38","","","","","159","","","40","0","","123","","55","","0","","0","0","","","0","0","","","","","","0","0","58","0","0","","0","0","","","","0","49","","838","0","82","0","61","0","75","","0","","","0","","","0","","0","0","103","0","82","0","0","0","","0","","0","71","0","0","0","","","","","","","0","0","116","47","","","","","","","","","","","0","","","","","0","0","0","0","57","0","","","","","","","","","","","0","","","","","","0","","","","","","0","","","","","","","","","","","","","","","","","0","51","","0","0","","0","","0","0","177","50","","0","0","","0","","","","","179","0","","0","93","0","0","60","","0","82","0","0","","","","","","","","","0","","","","","","","","","","","","0","0","0","","","0","0","","0","","0","30","0","","79","","643","0","","","","228","0","358","0","","29","182","51","0","123","0","182","276","","","384","41","75","93","66","0","0","0","","141","0","","132","","","","","","","","","","0","0","0","","","","0","","","","0","","","","168","","0","","","131","","","","","0","","","0","","","","","0","0","43","0","","58","","0","","337","","","","","0","","","","","","","","","","","","","","","","","","","","","","0","0","","","0","","","","","","","","","","","","","","","","","0","","","","","","","","","","","","","62","","","","","","","44","423","0","0","","241","","135","","0","0","0","0","","","","0","0","0","0","0","","","","","","0","","","","","",""
"Czech","","","","","","","","","5706","","","","2532","4601","","2862","","","","","","","2095","1438","","","947","","","","2310","1561","1172","","","524","2598","1529","","2485","","","","","1498","","","822","1477","","1037","","937","","949","","3563","261","","","1235","1167","","","","","","2738","1787","3437","2245","1686","","6265","4177","","","","3203","6265","","1170","1281","1784","2749","1474","2214","2286","","1270","","","2148","","","2028","","1589","2902","3423","2466","2243","741","1613","2855","","3192","","1719","1803","2010","371","1034","","","","","","","841","1137","1451","1783","","","","","","","","","","","968","","","","","5234","12172","3829","5002","4942","6083","","","","","","","","","","","2002","","","","","","9100","","","","","","5539","","","","","","","","","","","","","","","","","1934","3530","","1192","1631","","1737","","926","905","644","2500","","1737","1102","","5091","","","","","2255","5023","","2860","1184","2167","743","759","","14723","8754","5463","7938","","","","","","","","","5779","","","","","","","","","","","","1527","1255","1933","","","1629","2359","","1493","","2438","1269","3011","","1567","","3092","940","","","","2700","2637","1920","1159","","639","2228","585","566","1458","335","4316","558","","","1232","2504","2330","3367","2635","2376","785","1840","","1514","1303","","1980","","","","","","","","","","1444","1775","1387","","","","1152","","","","9031","","","","4463","","4331","","","2942","","","","","3264","","","3821","","","","","1160","1576","1990","3430","","2773","","876","","3117","","","","","5083","","","","","","","","","","","","","","","","","","","","","","3230","4474","","","2721","","","","","","","","","","","","","","","","","4858","","","","","","","","","","","","","7646","","","","","","","1404","1022","523","2344","","1080","","1977","","2798","2456","3344","1828","","","","1822","4081","2622","1741","2667","","","","","","4572","","","","","",""
"Czechoslovakian","","","","","","","","","1120","","","","302","676","","855","","","","","","","633","442","","","661","","","","725","345","408","","","0","259","0","","432","","","","","490","","","273","171","","197","","392","","206","","833","0","","","267","165","","","","","","750","284","629","214","499","","291","745","","","","878","959","","384","1230","773","662","732","993","323","","196","","","244","","","707","","129","522","938","722","363","935","764","584","","360","","1127","670","631","116","238","","","","","","","104","49","489","168","","","","","","","","","","","696","","","","","830","1865","210","310","348","850","","","","","","","","","","","197","","","","","","467","","","","","","719","","","","","","","","","","","","","","","","","506","1192","","663","684","","437","","271","66","132","75","","35","107","","1169","","","","","1062","2284","","663","453","970","222","301","","1491","1432","739","819","","","","","","","","","722","","","","","","","","","","","","208","632","534","","","102","530","","903","","1364","320","738","","568","","367","1113","","","","1150","779","463","469","","313","0","92","228","124","159","86","0","","","0","918","519","713","939","448","640","254","","470","618","","876","","","","","","","","","","121","448","68","","","","753","","","","2539","","","","1134","","1398","","","311","","","","","1346","","","373","","","","","112","1437","493","781","","899","","435","","1169","","","","","1363","","","","","","","","","","","","","","","","","","","","","","422","552","","","2289","","","","","","","","","","","","","","","","","562","","","","","","","","","","","","","315","","","","","","","386","424","188","595","","354","","414","","421","515","398","383","","","","629","200","446","96","482","","","","","","465","","","","","",""
"Danish","","","","","","","","","2774","","","","5974","3897","","5284","","","","","","","5568","5841","","","4913","","","","5556","2468","3101","","","2481","3872","779","","4005","","","","","4908","","","1743","1332","","3022","","3268","","537","","5025","1065","","","3510","1828","","","","","","1917","3865","5000","3594","2590","","3423","6594","","","","3461","5356","","771","1755","747","1976","1530","1808","2222","","2043","","","2418","","","1323","","2293","2795","1782","2168","1039","1082","2340","4054","","2013","","1307","961","710","643","780","","","","","","","661","1050","2218","1107","","","","","","","","","","","19544","","","","","4707","2138","1413","3081","1787","1891","","","","","","","","","","","1463","","","","","","6351","","","","","","3667","","","","","","","","","","","","","","","","","947","1060","","1323","1572","","1698","","1416","715","1613","1524","","893","1403","","2995","","","","","2129","1210","","957","2064","2324","1437","982","","8444","7432","6409","8204","","","","","","","","","1902","","","","","","","","","","","","3415","4227","2560","","","1750","706","","1909","","1474","1634","2298","","385","","1184","1262","","","","1708","856","717","556","","432","912","60","873","1579","396","1424","609","","","1053","1046","981","1760","1364","1760","1583","1067","","1300","1073","","2632","","","","","","","","","","511","1978","2003","","","","1573","","","","1328","","","","855","","1494","","","1226","","","","","6958","","","7729","","","","","472","869","397","2033","","727","","465","","637","","","","","1602","","","","","","","","","","","","","","","","","","","","","","2821","1670","","","548","","","","","","","","","","","","","","","","","2429","","","","","","","","","","","","","2111","","","","","","","1972","1693","699","1128","","1682","","3036","","1847","1242","5755","7421","","","","6805","6393","4820","3939","5312","","","","","","2376","","","","","",""
"Dutch","","","","","","","","","9399","","","","12455","8467","","8715","","","","","","","11535","12128","","","4322","","","","6109","5549","4318","","","3054","5017","3777","","8503","","","","","6224","","","3529","3160","","4223","","5048","","684","","6183","2053","","","6530","7414","","","","","","6696","10232","10345","8792","5122","","8501","10670","","","","8779","11838","","3293","4400","4585","3454","4421","8034","3712","","4573","","","6003","","","6147","","2140","6943","9896","6779","5290","4676","11640","9560","","7024","","6374","3352","3763","1727","2732","","","","","","","1813","5472","6940","3056","","","","","","","","","","","12990","","","","","7485","11455","4073","5551","6964","3833","","","","","","","","","","","14074","","","","","","26400","","","","","","7624","","","","","","","","","","","","","","","","","5086","4270","","3334","5242","","4233","","7382","1895","3796","4708","","3372","1644","","19412","","","","","10979","16557","","12764","7554","8510","3253","3044","","7398","8828","6823","9460","","","","","","","","","5278","","","","","","","","","","","","5115","8157","4748","","","4662","2780","","4048","","9304","2806","9758","","3418","","9120","3438","","","","4120","3533","1310","1170","","1743","3494","788","2133","5108","543","4255","1963","","","1681","4484","10164","18710","13502","16901","8020","10121","","12646","5165","","6044","","","","","","","","","","5727","3317","4876","","","","5613","","","","8192","","","","3038","","5433","","","7872","","","","","10627","","","11990","","","","","2234","5897","4891","8277","","7357","","7083","","3527","","","","","4702","","","","","","","","","","","","","","","","","","","","","","5570","5795","","","3092","","","","","","","","","","","","","","","","","5500","","","","","","","","","","","","","5119","","","","","","","6514","4317","2228","3008","","6472","","4661","","6580","6258","9764","19334","","","","11149","10734","7845","6862","9856","","","","","","6536","","","","","",""
"Eastern European","","","","","","","","","4867","","","","2452","3469","","1358","","","","","","","5228","2352","","","2753","","","","2603","6560","4302","","","1807","3439","1561","","2049","","","","","2963","","","2061","3080","","5077","","12919","","1383","","7081","2877","","","1811","1562","","","","","","2924","781","2843","5049","2186","","7754","5522","","","","3449","2155","","2746","2706","2238","5095","2556","4505","5461","","570","","","3225","","","1934","","1546","1253","811","2305","2644","2830","2313","3236","","2016","","2880","7098","8271","2601","3951","","","","","","","1455","4411","2666","1611","","","","","","","","","","","1787","","","","","5183","1736","3270","2075","4492","6302","","","","","","","","","","","934","","","","","","913","","","","","","1643","","","","","","","","","","","","","","","","","7889","3408","","1221","2714","","11362","","4842","1943","10505","7720","","2827","3789","","1893","","","","","2999","2852","","1687","1995","4680","1246","1153","","1429","1648","2110","4794","","","","","","","","","2709","","","","","","","","","","","","1529","2294","1680","","","2210","2876","","4622","","6842","4590","5236","","3037","","8911","5139","","","","6463","1539","8613","8576","","2092","5151","3482","5849","18033","3006","25223","2405","","","9403","7166","4059","3640","4268","1286","2423","1115","","2917","2264","","2957","","","","","","","","","","948","536","848","","","","3968","","","","4648","","","","5947","","2362","","","741","","","","","2660","","","2351","","","","","4381","7897","3632","2446","","4353","","2888","","5962","","","","","4772","","","","","","","","","","","","","","","","","","","","","","912","2736","","","1197","","","","","","","","","","","","","","","","","2137","","","","","","","","","","","","","2085","","","","","","","2030","1741","836","1217","","1683","","5532","","3249","3059","1773","1870","","","","3365","4041","1977","2105","1332","","","","","","1701","","","","","",""
"English","","","","","","","","","87556","","","","114627","108284","","96489","","","","","","","96586","107401","","","53806","","","","67298","44380","48148","","","32254","55652","23998","","68201","","","","","76439","","","47840","39062","","47295","","41038","","11797","","62775","12579","","","68759","60888","","","","","","63531","73275","83194","70735","64538","","74223","103836","","","","76633","111630","","53541","93716","45878","53435","52832","104291","49027","","92000","","","95890","","","99753","","42811","83778","87988","90609","60473","70053","77513","97114","","85804","","79754","45893","43607","9317","21541","","","","","","","42834","68760","108313","47975","","","","","","","","","","","205289","","","","","51953","33956","27317","29563","48466","43838","","","","","","","","","","","91637","","","","","","81154","","","","","","105270","","","","","","","","","","","","","","","","","70156","82468","","71229","77011","","56624","","84507","75905","77176","68698","","37359","59621","","107978","","","","","72040","111319","","87991","57184","73843","33155","33123","","47651","52854","44127","51609","","","","","","","","","82886","","","","","","","","","","","","52834","99247","63650","","","119026","59164","","52224","","35837","24583","58131","","13024","","46731","27639","","","","39737","23619","20465","15540","","6730","26044","7596","9418","44928","7519","46222","12563","","","20281","29598","45416","92547","75525","98028","91460","87032","","77780","51993","","102303","","","","","","","","","","64983","96188","94314","","","","75564","","","","75726","","","","42131","","85372","","","94992","","","","","89194","","","104071","","","","","28048","61502","57148","77633","","44198","","58219","","62735","","","","","66240","","","","","","","","","","","","","","","","","","","","","","92406","90128","","","37317","","","","","","","","","","","","","","","","","112658","","","","","","","","","","","","","98052","","","","","","","139748","91731","60123","71612","","109750","","85731","","80471","78104","81484","99755","","","","107384","110426","87839","50730","81949","","","","","","26341","","","","","",""
"Estonian","","","","","","","","","0","","","","54","0","","98","","","","","","","0","286","","","63","","","","0","187","0","","","86","42","0","","288","","","","","51","","","0","53","","120","","170","","0","","149","0","","","0","17","","","","","","21","85","0","52","250","","312","166","","","","155","56","","394","320","168","222","240","33","0","","0","","","151","","","0","","0","459","0","0","43","0","0","0","","47","","239","57","96","0","225","","","","","","","32","175","70","0","","","","","","","","","","","76","","","","","110","159","0","52","47","37","","","","","","","","","","","4","","","","","","84","","","","","","137","","","","","","","","","","","","","","","","","75","45","","0","0","","215","","203","0","69","12","","218","112","","0","","","","","0","0","","0","0","92","0","46","","42","267","40","151","","","","","","","","","0","","","","","","","","","","","","0","0","0","","","131","88","","0","","26","45","204","","0","","0","119","","","","38","41","60","29","","251","65","0","62","0","0","199","0","","","0","197","138","31","57","125","0","32","","74","221","","0","","","","","","","","","","50","140","319","","","","138","","","","75","","","","0","","0","","","50","","","","","0","","","0","","","","","447","103","0","0","","0","","0","","0","","","","","328","","","","","","","","","","","","","","","","","","","","","","0","135","","","0","","","","","","","","","","","","","","","","","0","","","","","","","","","","","","","222","","","","","","","0","83","0","130","","33","","391","","120","179","139","17","","","","29","157","0","261","71","","","","","","0","","","","","",""
"European","","","","","","","","","21376","","","","17940","18970","","12073","","","","","","","27834","20432","","","10325","","","","18522","16600","12770","","","5973","15689","5924","","17380","","","","","16147","","","9423","7523","","11951","","16302","","3394","","24147","5744","","","12818","10176","","","","","","17308","14678","17656","20436","10850","","15267","20404","","","","18677","20110","","4761","9474","3350","9308","8970","8245","9534","","15357","","","16743","","","13908","","10302","12299","5952","10562","8550","12483","12533","10726","","12827","","9971","8089","10490","5527","8315","","","","","","","6486","11368","16980","7359","","","","","","","","","","","30911","","","","","9378","9610","6577","5801","10043","9742","","","","","","","","","","","10835","","","","","","20379","","","","","","16899","","","","","","","","","","","","","","","","","10178","13572","","7649","11377","","15801","","9584","7415","17420","10530","","7215","8866","","19952","","","","","16578","22607","","9552","10212","13364","7755","6290","","11555","15360","12678","16938","","","","","","","","","16853","","","","","","","","","","","","6923","25827","9308","","","12555","6267","","8265","","7719","5123","9055","","3673","","10376","4119","","","","10475","2794","8301","4487","","2718","7089","2174","8493","12688","4353","13963","3767","","","7665","12149","8774","15497","10451","13658","8144","7047","","8854","4630","","14305","","","","","","","","","","6373","10735","12048","","","","16850","","","","12578","","","","7608","","15478","","","12882","","","","","28417","","","31333","","","","","5362","9175","6930","10232","","4758","","9804","","8623","","","","","7851","","","","","","","","","","","","","","","","","","","","","","13980","11322","","","7170","","","","","","","","","","","","","","","","","15800","","","","","","","","","","","","","16907","","","","","","","18579","10657","11254","8643","","12520","","15366","","15893","16384","20126","22092","","","","26450","27937","32518","16018","21154","","","","","","5666","","","","","",""
"Finnish","","","","","","","","","1946","","","","1391","1859","","2148","","","","","","","2384","2160","","","1444","","","","1063","764","975","","","607","1603","1011","","1563","","","","","1662","","","663","323","","446","","597","","255","","1635","126","","","395","432","","","","","","431","699","1311","1194","1925","","2262","1857","","","","1378","1471","","125","1801","1041","1571","704","627","426","","195","","","2401","","","1961","","607","1264","1123","1028","969","871","1737","1630","","1615","","1501","1656","860","258","309","","","","","","","84","1148","584","387","","","","","","","","","","","1798","","","","","1844","691","449","1410","1779","2092","","","","","","","","","","","437","","","","","","654","","","","","","969","","","","","","","","","","","","","","","","","668","584","","432","1267","","556","","4413","4539","1389","2221","","770","1288","","39448","","","","","4974","6804","","6407","4133","3942","2621","1609","","8206","8995","8203","7368","","","","","","","","","703","","","","","","","","","","","","1354","1867","1597","","","5829","360","","501","","336","374","701","","125","","1083","682","","","","1866","617","93","188","","179","1020","360","131","731","513","419","304","","","274","602","1047","1599","650","765","755","550","","264","690","","730","","","","","","","","","","333","835","798","","","","795","","","","637","","","","1598","","881","","","476","","","","","4743","","","1618","","","","","924","96","317","217","","441","","423","","554","","","","","252","","","","","","","","","","","","","","","","","","","","","","243","823","","","585","","","","","","","","","","","","","","","","","222","","","","","","","","","","","","","1412","","","","","","","679","725","725","408","","1308","","971","","611","985","3797","3323","","","","4149","3282","4419","1300","4614","","","","","","2023","","","","","",""
"French (except Basque)","","","","","","","","","19945","","","","19020","20157","","16094","","","","","","","23215","19456","","","8818","","","","12019","17245","11973","","","8584","15516","6620","","12868","","","","","12844","","","5509","5423","","12348","","11200","","4173","","16290","7000","","","9985","11340","","","","","","11856","13543","15162","20571","11683","","13098","22100","","","","14868","18287","","33494","51060","16985","10764","21097","12220","12502","","13211","","","18897","","","19936","","8185","16391","19222","20142","14006","12591","18535","23186","","18844","","15562","9438","12163","5031","7658","","","","","","","4547","13750","12364","5756","","","","","","","","","","","16223","","","","","13776","8952","7293","7850","10126","10151","","","","","","","","","","","9891","","","","","","10424","","","","","","15494","","","","","","","","","","","","","","","","","9044","11942","","11063","10871","","11535","","53768","33345","41953","17209","","12492","16502","","46001","","","","","21575","21859","","30004","23499","19250","10884","10109","","16662","19136","18869","17912","","","","","","","","","23255","","","","","","","","","","","","10829","17774","8686","","","62355","9765","","7457","","7862","4207","10633","","3872","","8427","5693","","","","9230","5968","4910","3883","","2619","10305","3882","3611","10386","3060","19945","8646","","","4788","8518","13198","18302","33416","55070","26129","12925","","12526","12132","","12161","","","","","","","","","","7896","11586","10309","","","","12412","","","","13031","","","","7800","","13095","","","11454","","","","","14459","","","16155","","","","","6248","10533","6495","10642","","7400","","9504","","7394","","","","","11008","","","","","","","","","","","","","","","","","","","","","","14086","14571","","","9962","","","","","","","","","","","","","","","","","15169","","","","","","","","","","","","","19268","","","","","","","12353","11678","9470","8765","","9914","","15210","","9455","11076","17825","17308","","","","19584","18063","16116","14258","15155","","","","","","11069","","","","","",""
"French Canadian","","","","","","","","","3897","","","","3379","4728","","2876","","","","","","","1463","2353","","","1591","","","","1185","1271","1156","","","1191","1437","618","","2081","","","","","1734","","","1267","2183","","2196","","527","","269","","1616","625","","","2020","1991","","","","","","1801","1966","2147","3323","1094","","2433","2942","","","","1930","4686","","19664","32924","10854","5665","13055","3034","2779","","2241","","","3218","","","6014","","2874","6915","4000","3996","2947","3102","6287","7097","","6607","","6275","2412","4193","787","2575","","","","","","","1553","1850","2311","732","","","","","","","","","","","4092","","","","","2263","3137","1155","1094","2396","1535","","","","","","","","","","","1480","","","","","","1836","","","","","","2564","","","","","","","","","","","","","","","","","1806","2489","","2424","2248","","1958","","31601","30377","21860","10816","","6166","14870","","19356","","","","","9110","9473","","14917","10605","6896","3905","3588","","5336","6049","5385","3533","","","","","","","","","1283","","","","","","","","","","","","3069","3085","2908","","","48428","1223","","1836","","1690","1624","3078","","699","","2076","1166","","","","2419","822","592","290","","654","1019","285","729","3325","601","1222","429","","","945","1916","3569","4732","11497","23529","8535","3506","","3825","3675","","2982","","","","","","","","","","1754","3018","2045","","","","1978","","","","1300","","","","963","","784","","","1684","","","","","4411","","","5529","","","","","1201","948","1885","2685","","2026","","2088","","886","","","","","1129","","","","","","","","","","","","","","","","","","","","","","1423","1002","","","1251","","","","","","","","","","","","","","","","","1215","","","","","","","","","","","","","2753","","","","","","","3444","5034","1954","1310","","1706","","2437","","2537","2762","2648","2955","","","","4143","3282","3453","2642","2519","","","","","","2298","","","","","",""
"German","","","","","","","","","126816","","","","123676","118743","","117235","","","","","","","97124","117204","","","63576","","","","71512","52815","49506","","","31646","56168","27537","","66909","","","","","80988","","","44992","41212","","44916","","43105","","15608","","75195","16561","","","68864","60628","","","","","","69450","86620","86700","86516","70450","","101410","136758","","","","104971","144916","","45378","69393","45765","48873","51494","122711","53173","","66177","","","90040","","","105999","","48686","89645","112118","106007","63502","69734","97228","127886","","111127","","82155","50961","53031","13868","32552","","","","","","","28143","46298","75721","33256","","","","","","","","","","","135787","","","","","128167","116732","56208","96377","101162","107913","","","","","","","","","","","141235","","","","","","235874","","","","","","177201","","","","","","","","","","","","","","","","","119575","107640","","74248","124463","","63321","","46449","38076","43547","44068","","32363","36647","","176569","","","","","126228","157200","","185801","137377","109602","54620","51921","","216467","171486","165518","153836","","","","","","","","","236475","","","","","","","","","","","","67997","101242","67577","","","52368","106399","","88406","","67112","44593","99382","","32183","","72613","41461","","","","94965","82500","49589","51976","","15530","33834","7749","14673","41039","21395","58860","16935","","","32236","61075","83402","112498","95144","105556","102917","163054","","122765","137152","","79887","","","","","","","","","","60302","73682","76515","","","","129534","","","","182604","","","","80127","","165209","","","96328","","","","","100850","","","119006","","","","","49945","167637","81468","144970","","108395","","194041","","149208","","","","","188299","","","","","","","","","","","","","","","","","","","","","","80887","76583","","","38053","","","","","","","","","","","","","","","","","95865","","","","","","","","","","","","","98787","","","","","","","91800","76459","48616","53364","","116276","","76692","","83882","80832","91820","103128","","","","118970","115694","110768","64261","104997","","","","","","129464","","","","","",""
"German Russian","","","","","","","","","0","","","","0","125","","0","","","","","","","0","0","","","69","","","","0","42","0","","","0","0","0","","0","","","","","54","","","0","0","","0","","0","","0","","0","0","","","0","351","","","","","","0","0","0","0","0","","168","0","","","","427","163","","0","0","0","0","0","0","0","","0","","","0","","","295","","0","0","0","0","0","0","0","0","","0","","112","0","182","0","444","","","","","","","0","0","0","0","","","","","","","","","","","0","","","","","0","0","0","0","0","995","","","","","","","","","","","0","","","","","","0","","","","","","143","","","","","","","","","","","","","","","","","0","0","","0","0","","0","","0","380","0","0","","0","0","","131","","","","","14","0","","0","0","0","0","79","","193","57","0","667","","","","","","","","","811","","","","","","","","","","","","0","0","46","","","0","0","","104","","0","0","0","","0","","0","0","","","","0","32","0","0","","0","0","64","0","38","0","0","0","","","0","0","77","0","0","0","85","0","","0","0","","50","","","","","","","","","","226","0","0","","","","0","","","","0","","","","0","","0","","","0","","","","","0","","","0","","","","","0","160","0","10","","0","","218","","0","","","","","75","","","","","","","","","","","","","","","","","","","","","","0","0","","","158","","","","","","","","","","","","","","","","","115","","","","","","","","","","","","","75","","","","","","","0","0","0","0","","0","","0","","0","0","0","82","","","","97","0","47","215","242","","","","","","407","","","","","",""
"Greek","","","","","","","","","4820","","","","4531","2029","","4062","","","","","","","4092","5166","","","3411","","","","4551","3133","2598","","","3968","5579","757","","4670","","","","","3762","","","2224","1890","","3216","","3834","","1662","","4734","1340","","","3540","2580","","","","","","3314","2215","3187","3192","2806","","5809","2604","","","","2734","2984","","3720","5108","4383","6717","4978","2836","3562","","2078","","","3716","","","2877","","2171","2673","8639","6955","3851","2398","2764","4274","","4897","","5802","4436","5648","1575","3146","","","","","","","2378","1290","2372","558","","","","","","","","","","","993","","","","","12442","10370","6993","8321","10651","6168","","","","","","","","","","","853","","","","","","2588","","","","","","2059","","","","","","","","","","","","","","","","","6244","3242","","2573","2670","","3957","","7645","11017","7137","8775","","3693","7458","","1557","","","","","4379","2383","","3794","4547","4348","4484","2652","","811","1434","1072","1998","","","","","","","","","4407","","","","","","","","","","","","1682","2915","4061","","","5811","4062","","3422","","8454","3424","5346","","3300","","6980","3153","","","","10405","9190","16102","9960","","6268","4570","1162","1184","7543","8889","6743","2918","","","4954","5874","5531","4059","5071","2784","2923","1407","","3995","2124","","2318","","","","","","","","","","1775","2991","4440","","","","3207","","","","6020","","","","2741","","6052","","","697","","","","","1697","","","2360","","","","","3078","4121","6456","5246","","2542","","2358","","4525","","","","","6869","","","","","","","","","","","","","","","","","","","","","","900","2297","","","1863","","","","","","","","","","","","","","","","","1992","","","","","","","","","","","","","2118","","","","","","","3692","5036","2514","1680","","2344","","6112","","3510","3074","3952","3524","","","","2371","3393","2607","1396","1616","","","","","","2692","","","","","",""
"Guyanese","","","","","","","","","0","","","","0","108","","0","","","","","","","7","45","","","0","","","","578","106","0","","","0","144","12","","0","","","","","0","","","61","86","","434","","357","","94","","0","34","","","0","13","","","","","","233","53","251","0","241","","48","87","","","","0","0","","882","364","902","1418","11","1354","1931","","112","","","784","","","134","","5081","2564","1114","893","277","830","339","590","","403","","831","1997","1330","235","3108","","","","","","","3800","1637","0","1290","","","","","","","","","","","34","","","","","0","0","0","0","45","40","","","","","","","","","","","657","","","","","","0","","","","","","0","","","","","","","","","","","","","","","","","89","793","","1692","570","","1825","","825","0","164","95","","1495","34","","0","","","","","0","0","","0","0","0","90","0","","104","956","204","134","","","","","","","","","0","","","","","","","","","","","","0","0","89","","","0","107","","211","","1300","734","554","","2598","","1708","2781","","","","1242","3616","5806","9630","","2038","5347","12703","19670","991","1354","501","1714","","","3811","980","1112","648","8103","619","155","109","","626","368","","107","","","","","","","","","","449","207","471","","","","59","","","","0","","","","86","","609","","","78","","","","","111","","","0","","","","","897","173","346","0","","865","","1146","","3","","","","","64","","","","","","","","","","","","","","","","","","","","","","412","0","","","0","","","","","","","","","","","","","","","","","187","","","","","","","","","","","","","0","","","","","","","110","143","81","1784","","0","","606","","301","238","0","0","","","","0","0","0","217","0","","","","","","0","","","","","",""
"Hungarian","","","","","","","","","4385","","","","2020","3441","","3301","","","","","","","2926","2726","","","1765","","","","1832","2895","2372","","","1093","4107","1545","","2247","","","","","3747","","","2650","1126","","2868","","3660","","1790","","4566","630","","","1990","2141","","","","","","2453","3046","3531","5117","2912","","2798","4163","","","","3333","2858","","2366","2816","7341","6395","6119","4412","2275","","2698","","","3327","","","4545","","2208","4116","5039","5182","3856","2529","3214","6771","","3972","","5698","6069","4367","1430","3373","","","","","","","1335","1753","2018","1049","","","","","","","","","","","1363","","","","","4829","2408","975","1539","3872","4066","","","","","","","","","","","1545","","","","","","1204","","","","","","1242","","","","","","","","","","","","","","","","","3361","2769","","1631","2975","","3632","","1898","1222","3015","2849","","1061","1418","","4920","","","","","8906","7532","","5673","6404","6468","3251","6346","","1623","1394","2127","1359","","","","","","","","","2277","","","","","","","","","","","","2233","3099","5283","","","2476","3932","","9521","","6370","8292","9714","","4015","","5592","8767","","","","3776","2138","4437","5509","","3505","4725","1370","4804","5487","1866","8536","1280","","","3520","29825","35189","5453","3840","2913","2067","4154","","2361","4708","","2322","","","","","","","","","","1793","2057","1782","","","","4493","","","","24941","","","","13479","","17450","","","1178","","","","","4706","","","1936","","","","","3351","6148","3333","4531","","5673","","3182","","11368","","","","","10553","","","","","","","","","","","","","","","","","","","","","","1986","1617","","","935","","","","","","","","","","","","","","","","","1714","","","","","","","","","","","","","2716","","","","","","","2116","3518","2102","1062","","657","","3352","","3186","2975","2853","1416","","","","2640","3857","1838","2147","1099","","","","","","2714","","","","","",""
"Icelander","","","","","","","","","315","","","","350","0","","141","","","","","","","306","164","","","214","","","","169","0","680","","","458","0","82","","86","","","","","82","","","206","72","","154","","31","","0","","69","0","","","143","0","","","","","","332","0","0","171","303","","84","417","","","","0","232","","0","130","0","58","90","499","0","","50","","","0","","","0","","0","166","0","0","66","0","42","29","","55","","63","0","0","35","186","","","","","","","0","0","91","0","","","","","","","","","","","612","","","","","175","0","65","0","499","39","","","","","","","","","","","308","","","","","","84","","","","","","23","","","","","","","","","","","","","","","","","80","61","","72","0","","125","","161","0","0","194","","0","120","","15","","","","","7","124","","478","0","157","0","0","","345","430","150","337","","","","","","","","","0","","","","","","","","","","","","90","41","311","","","0","0","","27","","89","0","33","","0","","171","36","","","","0","0","0","0","","0","97","64","79","0","0","0","0","","","0","44","296","240","105","0","0","252","","84","0","","0","","","","","","","","","","0","0","42","","","","0","","","","0","","","","0","","0","","","86","","","","","259","","","43","","","","","0","0","217","0","","0","","109","","0","","","","","28","","","","","","","","","","","","","","","","","","","","","","1144","48","","","183","","","","","","","","","","","","","","","","","422","","","","","","","","","","","","","0","","","","","","","44","75","316","60","","133","","0","","0","27","672","383","","","","278","1277","260","404","689","","","","","","53","","","","","",""
"Iranian","","","","","","","","","3920","","","","2483","602","","341","","","","","","","2612","1991","","","2411","","","","7841","5274","4634","","","4565","10808","6122","","4415","","","","","1628","","","1604","2479","","9876","","35334","","1708","","19525","3371","","","16341","2072","","","","","","14369","3714","9121","7312","3821","","533","1280","","","","1054","215","","323","1582","1414","566","378","253","3963","","489","","","1168","","","406","","1921","637","214","808","669","417","546","1085","","544","","338","1051","924","664","315","","","","","","","823","1121","6194","1552","","","","","","","","","","","150","","","","","1407","970","2522","1667","2506","1362","","","","","","","","","","","359","","","","","","312","","","","","","927","","","","","","","","","","","","","","","","","1492","2804","","259","2365","","7946","","1634","1688","1528","3004","","2229","1483","","64","","","","","1357","816","","0","400","1655","143","518","","405","864","766","1014","","","","","","","","","518","","","","","","","","","","","","1843","720","2901","","","219","411","","59","","1734","912","1366","","1313","","1420","526","","","","995","712","6338","711","","505","1074","379","1825","2614","910","4197","857","","","2868","335","295","317","978","340","100","37","","642","527","","997","","","","","","","","","","189","575","1209","","","","1520","","","","383","","","","813","","1235","","","564","","","","","1553","","","103","","","","","544","808","995","1437","","226","","448","","1109","","","","","374","","","","","","","","","","","","","","","","","","","","","","9159","4567","","","5397","","","","","","","","","","","","","","","","","3113","","","","","","","","","","","","","2881","","","","","","","803","1169","312","336","","701","","5414","","5313","9364","5240","619","","","","459","3925","2514","978","874","","","","","","1268","","","","","",""
"Irish","","","","","","","","","90557","","","","75802","78315","","77752","","","","","","","92393","86082","","","50204","","","","68248","58855","44790","","","36674","48967","21106","","63917","","","","","70252","","","34784","39238","","49414","","35964","","18222","","55028","12819","","","54593","57004","","","","","","56286","68840","77191","70454","57903","","81863","88060","","","","68681","94464","","82940","115420","99462","86456","87104","150245","57697","","70736","","","90333","","","107373","","45026","79696","93141","96580","62120","66566","81281","102484","","92266","","90469","56343","57600","8926","32646","","","","","","","30290","44720","68911","30670","","","","","","","","","","","65680","","","","","110028","128694","49371","67080","75300","70884","","","","","","","","","","","76931","","","","","","113307","","","","","","99218","","","","","","","","","","","","","","","","","89597","93098","","68609","77609","","58825","","133799","117314","136600","125955","","76614","186672","","94849","","","","","78374","89234","","98373","74251","72844","44361","41568","","81923","73644","73303","70515","","","","","","","","","121426","","","","","","","","","","","","47956","88623","60875","","","125046","138813","","118584","","91701","79498","122804","","43947","","102245","62224","","","","140654","114055","80307","87145","","23077","41315","13718","17331","56996","53639","73048","18448","","","62248","107303","114707","117754","140582","131887","131539","123875","","115103","98160","","63974","","","","","","","","","","44620","69280","64791","","","","77924","","","","115852","","","","65249","","97420","","","76684","","","","","70027","","","84542","","","","","68086","142835","136412","131016","","129040","","78989","","116804","","","","","135202","","","","","","","","","","","","","","","","","","","","","","65964","66618","","","28729","","","","","","","","","","","","","","","","","62336","","","","","","","","","","","","","74256","","","","","","","82810","77575","48861","47852","","79482","","80399","","77722","75427","61312","80728","","","","87480","86827","69855","44742","67411","","","","","","51427","","","","","",""
"Israeli","","","","","","","","","842","","","","432","676","","162","","","","","","","464","329","","","182","","","","729","1686","325","","","368","1333","1492","","1558","","","","","132","","","328","263","","1370","","5908","","322","","1257","1524","","","221","84","","","","","","1907","463","122","2480","472","","138","56","","","","43","263","","84","666","634","329","378","12","298","","125","","","48","","","0","","529","188","105","64","768","0","151","358","","1330","","351","859","3103","5776","2782","","","","","","","243","1064","491","252","","","","","","","","","","","239","","","","","111","82","372","111","2368","323","","","","","","","","","","","84","","","","","","138","","","","","","48","","","","","","","","","","","","","","","","","490","294","","0","243","","830","","108","394","620","617","","121","470","","90","","","","","194","111","","148","78","133","48","145","","74","0","60","122","","","","","","","","","121","","","","","","","","","","","","365","215","1665","","","209","332","","644","","3495","386","1066","","66","","324","211","","","","837","282","2466","3244","","644","1251","1655","3573","1772","765","4466","1203","","","1204","1604","473","387","522","75","0","448","","777","0","","0","","","","","","","","","","49","0","217","","","","46","","","","0","","","","1223","","0","","","19","","","","","406","","","74","","","","","601","131","118","134","","74","","226","","144","","","","","101","","","","","","","","","","","","","","","","","","","","","","435","90","","","976","","","","","","","","","","","","","","","","","725","","","","","","","","","","","","","835","","","","","","","0","0","0","0","","35","","686","","48","83","768","39","","","","44","470","194","797","0","","","","","","30","","","","","",""
"Italian","","","","","","","","","52654","","","","48653","39773","","44186","","","","","","","48964","50881","","","24676","","","","38577","37800","28618","","","27022","32174","16343","","35827","","","","","36992","","","25300","19488","","29845","","29080","","9746","","40094","8639","","","32215","24823","","","","","","35686","37233","47874","45276","27273","","39503","37731","","","","27891","47338","","96286","102706","147568","97037","105821","79540","34396","","27648","","","51080","","","64724","","33566","56689","75585","72871","45333","45497","55913","66513","","69847","","72080","60999","74240","19580","44078","","","","","","","9818","23153","31748","14817","","","","","","","","","","","24740","","","","","69851","70356","31124","63580","39630","41560","","","","","","","","","","","17788","","","","","","17897","","","","","","21006","","","","","","","","","","","","","","","","","47284","49828","","29781","34336","","36969","","82719","74838","75421","99878","","49426","85858","","33780","","","","","40058","29530","","58600","69231","42671","21698","24898","","17719","15709","18484","17343","","","","","","","","","44728","","","","","","","","","","","","33017","41398","41449","","","64800","124593","","124572","","125502","88651","138264","","72949","","146559","68926","","","","170437","146870","123181","117398","","28821","39298","21057","15361","50134","134334","57224","16635","","","86865","113877","115106","88361","116516","76874","114267","90204","","121672","103501","","38512","","","","","","","","","","30951","38820","34229","","","","38357","","","","73346","","","","49368","","74894","","","17088","","","","","27201","","","27737","","","","","50737","99515","98115","98548","","106864","","48613","","110398","","","","","120269","","","","","","","","","","","","","","","","","","","","","","28535","22371","","","14819","","","","","","","","","","","","","","","","","25880","","","","","","","","","","","","","27601","","","","","","","40489","39017","25745","21890","","23454","","37787","","38851","34541","23727","25734","","","","24559","36937","26908","19165","23619","","","","","","21372","","","","","",""
"Latvian","","","","","","","","","664","","","","48","284","","139","","","","","","","374","200","","","955","","","","734","313","580","","","146","528","158","","134","","","","","257","","","175","47","","276","","640","","446","","317","149","","","135","79","","","","","","77","66","718","145","263","","56","957","","","","394","49","","365","573","232","95","247","458","214","","271","","","69","","","55","","159","293","0","166","132","91","0","366","","142","","271","116","399","333","82","","","","","","","491","258","467","1412","","","","","","","","","","","84","","","","","510","131","118","123","574","833","","","","","","","","","","","0","","","","","","251","","","","","","183","","","","","","","","","","","","","","","","","939","604","","56","215","","609","","307","230","536","256","","366","361","","175","","","","","423","239","","29","439","148","131","125","","115","350","421","449","","","","","","","","","439","","","","","","","","","","","","68","47","101","","","128","260","","349","","186","114","396","","76","","1053","773","","","","84","157","925","275","","44","77","43","311","555","100","993","212","","","295","121","838","259","196","106","211","178","","219","64","","210","","","","","","","","","","227","0","282","","","","100","","","","704","","","","209","","476","","","256","","","","","748","","","466","","","","","0","224","48","650","","52","","160","","118","","","","","276","","","","","","","","","","","","","","","","","","","","","","292","0","","","109","","","","","","","","","","","","","","","","","123","","","","","","","","","","","","","195","","","","","","","213","48","121","10","","372","","579","","251","148","309","560","","","","454","968","162","594","245","","","","","","364","","","","","",""
"Lithuanian","","","","","","","","","1577","","","","1127","1925","","1317","","","","","","","2178","637","","","502","","","","1082","1815","1327","","","1059","1429","567","","1606","","","","","1717","","","348","1543","","1368","","3065","","566","","2909","1128","","","1313","672","","","","","","1597","993","2863","1856","1116","","2588","1596","","","","1278","750","","5627","5887","5248","2958","5618","1678","1818","","850","","","2433","","","1419","","937","1155","2205","3139","1537","962","2568","2584","","1675","","2989","2151","1762","149","1636","","","","","","","748","1324","2041","849","","","","","","","","","","","664","","","","","4467","9983","4883","1611","3953","4413","","","","","","","","","","","1022","","","","","","569","","","","","","1068","","","","","","","","","","","","","","","","","2323","2101","","1964","1273","","4238","","7279","2611","2967","2931","","1703","2996","","1367","","","","","2718","1649","","1490","1553","1936","1909","1495","","858","807","342","1260","","","","","","","","","1987","","","","","","","","","","","","1243","1168","937","","","3774","2649","","2648","","2956","1890","3470","","491","","3043","2671","","","","1911","1870","1515","610","","901","1635","1261","2080","1520","983","2475","618","","","463","2442","1432","2715","2323","2910","2404","566","","2291","1382","","1080","","","","","","","","","","812","891","2361","","","","1367","","","","4516","","","","1506","","1745","","","86","","","","","1561","","","1015","","","","","2566","4101","2583","2712","","10057","","2061","","4136","","","","","3324","","","","","","","","","","","","","","","","","","","","","","954","922","","","195","","","","","","","","","","","","","","","","","1136","","","","","","","","","","","","","2043","","","","","","","1052","1078","459","298","","1100","","2541","","1223","1127","1309","889","","","","879","1834","679","1177","385","","","","","","755","","","","","",""
"Luxembourger","","","","","","","","","225","","","","503","151","","130","","","","","","","0","113","","","0","","","","164","0","0","","","0","50","0","","0","","","","","29","","","0","0","","97","","56","","0","","188","27","","","431","53","","","","","","0","159","95","237","32","","518","260","","","","58","245","","0","0","0","0","97","0","123","","128","","","92","","","171","","0","0","0","154","0","63","69","74","","0","","68","44","53","0","0","","","","","","","21","0","0","0","","","","","","","","","","","0","","","","","445","42","160","821","322","678","","","","","","","","","","","86","","","","","","1254","","","","","","214","","","","","","","","","","","","","","","","","0","320","","0","0","","0","","78","0","25","0","","42","0","","126","","","","","318","175","","0","42","105","110","0","","912","1192","1104","435","","","","","","","","","10","","","","","","","","","","","","144","172","0","","","98","46","","0","","0","0","208","","0","","0","0","","","","34","0","142","0","","0","366","0","0","0","0","53","0","","","0","66","0","0","49","0","0","57","","138","118","","165","","","","","","","","","","0","98","168","","","","71","","","","61","","","","46","","0","","","73","","","","","60","","","48","","","","","0","42","0","0","","0","","0","","356","","","","","0","","","","","","","","","","","","","","","","","","","","","","0","0","","","0","","","","","","","","","","","","","","","","","306","","","","","","","","","","","","","564","","","","","","","0","0","69","0","","190","","90","","0","311","211","88","","","","0","212","0","0","0","","","","","","560","","","","","",""
"Macedonian","","","","","","","","","0","","","","126","104","","170","","","","","","","122","0","","","0","","","","0","54","0","","","0","91","94","","237","","","","","0","","","61","115","","124","","233","","47","","0","93","","","43","0","","","","","","224","583","267","191","0","","0","0","","","","57","43","","881","0","0","40","436","6","59","","0","","","54","","","61","","0","0","43","271","126","114","0","198","","350","","710","241","158","82","0","","","","","","","67","0","0","0","","","","","","","","","","","42","","","","","856","922","210","875","2461","243","","","","","","","","","","","97","","","","","","0","","","","","","0","","","","","","","","","","","","","","","","","0","0","","38","39","","76","","0","142","11","993","","242","133","","129","","","","","879","179","","1106","3567","201","333","685","","0","0","78","69","","","","","","","","","47","","","","","","","","","","","","0","0","109","","","42","59","","0","","860","1128","235","","2945","","1054","1117","","","","0","0","68","57","","710","846","208","422","300","2245","0","60","","","1487","0","0","0","30","76","236","418","","763","0","","92","","","","","","","","","","0","189","0","","","","717","","","","454","","","","206","","922","","","0","","","","","39","","","0","","","","","253","0","0","0","","144","","173","","260","","","","","0","","","","","","","","","","","","","","","","","","","","","","0","46","","","0","","","","","","","","","","","","","","","","","0","","","","","","","","","","","","","106","","","","","","","250","0","0","0","","361","","388","","0","0","53","47","","","","0","162","94","56","0","","","","","","79","","","","","",""
"Maltese","","","","","","","","","591","","","","0","9","","60","","","","","","","602","260","","","34","","","","444","519","0","","","487","150","193","","44","","","","","0","","","46","0","","438","","103","","17","","224","16","","","0","44","","","","","","355","43","254","381","108","","51","0","","","","0","274","","0","133","73","118","97","1118","0","","22","","","136","","","0","","0","82","101","45","72","0","424","328","","177","","178","0","84","0","0","","","","","","","0","259","0","0","","","","","","","","","","","47","","","","","287","49","171","0","995","0","","","","","","","","","","","0","","","","","","0","","","","","","0","","","","","","","","","","","","","","","","","0","466","","55","0","","46","","0","26","0","63","","0","0","","142","","","","","2532","1341","","871","1332","1794","2209","1682","","0","0","0","0","","","","","","","","","100","","","","","","","","","","","","134","150","0","","","0","135","","0","","293","0","441","","40","","130","783","","","","1080","939","875","269","","58","0","89","0","147","0","608","121","","","219","41","185","0","68","0","116","0","","0","0","","47","","","","","","","","","","53","0","0","","","","202","","","","0","","","","0","","0","","","33","","","","","48","","","137","","","","","0","0","0","0","","48","","0","","0","","","","","0","","","","","","","","","","","","","","","","","","","","","","1530","0","","","0","","","","","","","","","","","","","","","","","0","","","","","","","","","","","","","0","","","","","","","0","25","0","0","","82","","182","","0","0","0","0","","","","0","103","0","0","71","","","","","","0","","","","","",""
"New Zealander","","","","","","","","","0","","","","0","318","","159","","","","","","","842","194","","","0","","","","163","888","314","","","46","163","105","","180","","","","","0","","","0","234","","166","","95","","0","","253","87","","","261","0","","","","","","720","95","561","92","0","","186","470","","","","0","0","","0","0","0","0","0","0","66","","97","","","0","","","0","","0","0","77","0","44","0","0","0","","0","","0","0","0","0","75","","","","","","","0","0","0","0","","","","","","","","","","","70","","","","","74","141","127","0","0","0","","","","","","","","","","","0","","","","","","0","","","","","","0","","","","","","","","","","","","","","","","","0","75","","0","0","","0","","0","331","0","0","","26","0","","29","","","","","26","79","","0","0","0","0","0","","0","55","0","97","","","","","","","","","0","","","","","","","","","","","","0","23","564","","","270","0","","0","","172","0","0","","0","","0","0","","","","119","0","0","0","","0","46","0","0","172","0","496","53","","","128","0","0","0","0","0","0","0","","27","0","","0","","","","","","","","","","0","0","80","","","","0","","","","0","","","","0","","0","","","0","","","","","70","","","54","","","","","115","102","0","0","","0","","0","","0","","","","","0","","","","","","","","","","","","","","","","","","","","","","221","112","","","0","","","","","","","","","","","","","","","","","0","","","","","","","","","","","","","35","","","","","","","55","0","0","58","","0","","261","","0","0","110","21","","","","0","368","0","118","80","","","","","","0","","","","","",""
"Northern European","","","","","","","","","1503","","","","1936","2449","","693","","","","","","","4727","2187","","","1867","","","","2194","1370","1308","","","734","1208","1506","","2512","","","","","2015","","","861","1030","","727","","1073","","63","","1308","133","","","1032","1356","","","","","","1263","1164","1375","826","1460","","2542","2666","","","","1851","2695","","658","1181","403","1259","818","513","1236","","1178","","","667","","","1122","","337","386","1349","1653","656","448","1150","903","","1131","","1197","445","2429","279","1417","","","","","","","383","688","1058","940","","","","","","","","","","","1655","","","","","997","306","156","473","1258","1284","","","","","","","","","","","1326","","","","","","2041","","","","","","1846","","","","","","","","","","","","","","","","","748","1116","","1158","1193","","946","","1047","725","605","531","","842","314","","971","","","","","706","907","","723","520","1024","384","690","","1477","2041","2295","1789","","","","","","","","","973","","","","","","","","","","","","745","886","1117","","","1837","367","","1684","","550","483","167","","0","","419","694","","","","1304","330","1136","177","","0","481","206","127","406","190","1179","384","","","262","1616","565","1665","2116","660","1140","226","","616","793","","1099","","","","","","","","","","189","143","1227","","","","636","","","","408","","","","169","","669","","","892","","","","","3745","","","4549","","","","","318","1252","436","456","","596","","576","","920","","","","","915","","","","","","","","","","","","","","","","","","","","","","1039","943","","","335","","","","","","","","","","","","","","","","","1190","","","","","","","","","","","","","1672","","","","","","","534","1267","444","583","","1196","","2233","","2371","952","1642","5046","","","","3082","4463","2437","2664","3874","","","","","","565","","","","","",""
"Norwegian","","","","","","","","","19326","","","","20645","13323","","16627","","","","","","","12467","15926","","","7930","","","","9257","5303","5781","","","4027","6534","3220","","8493","","","","","11163","","","5568","3550","","7119","","4716","","1857","","6526","1780","","","9225","8293","","","","","","7107","8571","14534","8825","10186","","10567","15780","","","","13320","16211","","3114","5748","2742","4670","3109","3986","4661","","3146","","","6841","","","6436","","3912","7616","6924","6334","4751","2603","6001","9544","","9593","","7102","1988","3276","946","1912","","","","","","","2816","4208","5205","2642","","","","","","","","","","","23002","","","","","8803","4263","3835","8598","7872","11263","","","","","","","","","","","3411","","","","","","18955","","","","","","8730","","","","","","","","","","","","","","","","","2017","3787","","2165","3645","","5514","","4982","3168","2139","4119","","2027","3158","","12647","","","","","6334","7247","","4806","2823","3385","1465","2326","","71930","74585","64160","62959","","","","","","","","","4249","","","","","","","","","","","","8088","14553","8319","","","5696","2389","","3582","","2886","3409","6562","","1323","","3402","3569","","","","4977","2840","1642","2862","","942","2243","817","678","4499","4193","3679","1373","","","2106","4038","4790","4677","4317","4748","3496","4106","","2788","2733","","6997","","","","","","","","","","3304","3503","3453","","","","3724","","","","2986","","","","1255","","2312","","","4823","","","","","19243","","","19459","","","","","1750","3165","1930","3520","","2420","","3581","","1866","","","","","3024","","","","","","","","","","","","","","","","","","","","","","6236","5365","","","2740","","","","","","","","","","","","","","","","","5784","","","","","","","","","","","","","7501","","","","","","","3814","4784","1988","1736","","3314","","6222","","3762","4675","32997","39084","","","","37696","30261","36113","21656","27000","","","","","","13604","","","","","",""
"Pennsylvania German","","","","","","","","","62","","","","348","8","","167","","","","","","","47","83","","","123","","","","228","395","0","","","2","90","0","","159","","","","","129","","","36","125","","3","","62","","94","","49","49","","","70","31","","","","","","218","100","46","38","0","","254","110","","","","153","484","","0","0","87","0","258","1456","59","","250","","","335","","","673","","209","387","126","266","216","232","90","264","","175","","344","47","0","0","0","","","","","","","0","151","44","0","","","","","","","","","","","276","","","","","0","0","143","0","0","38","","","","","","","","","","","283","","","","","","647","","","","","","714","","","","","","","","","","","","","","","","","152","662","","1550","183","","0","","16","42","0","131","","106","0","","337","","","","","0","421","","73","172","43","0","98","","113","0","144","184","","","","","","","","","36","","","","","","","","","","","","342","88","84","","","9","917","","319","","0","48","719","","53","","67","0","","","","0","0","104","40","","0","114","0","0","79","500","0","245","","","0","53","86","1045","109","1245","1181","4963","","461","189","","83","","","","","","","","","","97","655","84","","","","283","","","","4343","","","","121","","644","","","0","","","","","41","","","1024","","","","","1494","6443","1623","6171","","2772","","5082","","497","","","","","2224","","","","","","","","","","","","","","","","","","","","","","112","37","","","91","","","","","","","","","","","","","","","","","0","","","","","","","","","","","","","187","","","","","","","500","295","167","153","","244","","0","","428","536","105","163","","","","593","251","0","294","89","","","","","","0","","","","","",""
"Polish","","","","","","","","","27677","","","","21504","21651","","23717","","","","","","","13880","11400","","","7941","","","","11489","15928","12804","","","9034","10515","7012","","10327","","","","","9899","","","6739","5987","","14586","","16466","","5049","","21995","6773","","","13182","11050","","","","","","13681","9894","18269","16973","13287","","19380","22527","","","","17064","23367","","49886","52124","44353","29466","48971","38408","14957","","10308","","","19636","","","21495","","11394","22669","26748","31003","16218","13741","22684","33118","","27749","","23741","24092","31409","8120","14429","","","","","","","6851","9309","14496","7285","","","","","","","","","","","11917","","","","","85063","95445","29737","70947","56057","57498","","","","","","","","","","","20944","","","","","","11156","","","","","","14206","","","","","","","","","","","","","","","","","29497","27319","","13089","15951","","22701","","35821","21000","23350","22357","","17148","22377","","65498","","","","","63609","52063","","84912","92083","60852","39461","39309","","25610","26059","24816","24550","","","","","","","","","21475","","","","","","","","","","","","13429","12443","16208","","","25617","37077","","47009","","35538","31179","47576","","31262","","41841","31655","","","","37696","24290","25152","25881","","17292","28373","6765","10480","23248","18180","34898","8503","","","15842","26506","23716","33830","44585","31700","46606","82200","","33126","86314","","18394","","","","","","","","","","10059","13487","15096","","","","16743","","","","71426","","","","27148","","30279","","","8475","","","","","11079","","","8037","","","","","20187","44294","26140","35844","","83349","","22828","","52194","","","","","52154","","","","","","","","","","","","","","","","","","","","","","12500","8483","","","7122","","","","","","","","","","","","","","","","","11186","","","","","","","","","","","","","14167","","","","","","","13769","15977","10371","8121","","7741","","20063","","19138","19922","9928","11860","","","","13120","19849","13916","10439","10113","","","","","","41581","","","","","",""
"Portuguese","","","","","","","","","2428","","","","3409","2398","","1730","","","","","","","10756","13073","","","7916","","","","10559","4865","5363","","","5032","7627","7537","","11066","","","","","6932","","","1645","1847","","2353","","1531","","669","","4189","917","","","3472","3342","","","","","","4379","3889","3233","6524","3934","","1922","2275","","","","2053","1662","","10911","9774","10337","8358","14308","3752","3751","","1038","","","2330","","","3378","","6056","5119","6525","3843","2581","2525","3294","2728","","4399","","4613","2970","8004","2969","5849","","","","","","","1229","1969","4144","480","","","","","","","","","","","2616","","","","","497","347","1109","853","647","731","","","","","","","","","","","125","","","","","","332","","","","","","787","","","","","","","","","","","","","","","","","1723","1765","","1187","1986","","4002","","8409","13041","83309","10682","","10511","14319","","522","","","","","1320","792","","700","561","609","121","236","","168","704","774","654","","","","","","","","","652","","","","","","","","","","","","2426","8447","4083","","","12928","2257","","3728","","1554","7732","11886","","6357","","5328","4472","","","","3579","3426","6106","2416","","1100","3257","394","462","2382","2237","2523","1813","","","4900","4834","2503","1956","2095","1451","1461","639","","1790","476","","2240","","","","","","","","","","1191","4532","1390","","","","1190","","","","692","","","","1035","","1017","","","1148","","","","","2884","","","4277","","","","","1032","3361","496","1975","","1407","","744","","819","","","","","616","","","","","","","","","","","","","","","","","","","","","","3084","1055","","","893","","","","","","","","","","","","","","","","","1185","","","","","","","","","","","","","1692","","","","","","","2848","2031","2751","1202","","856","","2945","","2470","4230","3900","2574","","","","2531","3224","1694","1717","1994","","","","","","415","","","","","",""
"Romanian","","","","","","","","","2632","","","","1589","936","","4694","","","","","","","801","2360","","","3440","","","","1113","3914","785","","","1434","1304","1006","","1456","","","","","448","","","993","841","","1243","","3141","","1093","","2477","311","","","2074","2277","","","","","","646","527","1448","1671","826","","1904","1124","","","","633","971","","1037","1221","575","2065","996","1654","1911","","462","","","1070","","","960","","1002","922","1453","853","1159","162","1762","1369","","1232","","935","3113","2767","2155","4175","","","","","","","184","996","1585","1877","","","","","","","","","","","322","","","","","4194","696","2268","3548","9161","3454","","","","","","","","","","","743","","","","","","621","","","","","","959","","","","","","","","","","","","","","","","","872","563","","851","927","","2209","","1061","736","2148","1327","","608","561","","714","","","","","3629","635","","2851","4461","7142","2578","1053","","170","826","1314","1219","","","","","","","","","2132","","","","","","","","","","","","582","1100","1032","","","365","1710","","2826","","4798","770","1261","","1764","","1695","1231","","","","1165","162","1674","1766","","3552","4910","601","1317","1684","2519","4009","319","","","2113","5402","3842","1423","903","506","219","54","","633","629","","1348","","","","","","","","","","1456","985","688","","","","776","","","","4610","","","","1769","","1933","","","575","","","","","1214","","","649","","","","","1912","706","741","1176","","1376","","375","","1462","","","","","1201","","","","","","","","","","","","","","","","","","","","","","1537","1765","","","773","","","","","","","","","","","","","","","","","832","","","","","","","","","","","","","1089","","","","","","","726","151","419","806","","484","","1970","","758","1312","2488","2091","","","","603","1074","3522","3802","722","","","","","","701","","","","","",""
"Russian","","","","","","","","","8746","","","","5309","5562","","6484","","","","","","","9437","11342","","","14641","","","","7823","12369","8614","","","6772","8120","6696","","5414","","","","","5523","","","6013","4408","","15963","","23608","","5008","","20470","5261","","","6708","3974","","","","","","7550","4468","7640","10910","8078","","7679","7979","","","","6182","6830","","7111","5829","6920","10871","9795","6283","6831","","2538","","","6151","","","6470","","5819","3685","5461","5435","6750","2965","6421","9662","","5811","","8731","21007","17042","10740","12815","","","","","","","2632","4361","7815","2881","","","","","","","","","","","4021","","","","","14826","4007","4951","3837","13709","14003","","","","","","","","","","","2170","","","","","","1547","","","","","","4534","","","","","","","","","","","","","","","","","8907","7295","","2777","4193","","15362","","8889","5756","9211","12859","","6916","8993","","4150","","","","","4896","3316","","4927","4900","9004","2666","1466","","3057","6255","2505","7954","","","","","","","","","4753","","","","","","","","","","","","4281","6387","8529","","","6361","6782","","15705","","17631","9045","13651","","6006","","13323","11315","","","","17565","8548","16702","17588","","16438","6172","23765","13511","16854","13152","30546","5363","","","11975","16550","11194","7930","8030","3419","4691","2831","","4643","5546","","3616","","","","","","","","","","2880","2304","2936","","","","4140","","","","7341","","","","8130","","3148","","","2259","","","","","6612","","","4357","","","","","6770","10898","7155","5505","","14822","","3786","","8333","","","","","7699","","","","","","","","","","","","","","","","","","","","","","4067","4709","","","4546","","","","","","","","","","","","","","","","","1800","","","","","","","","","","","","","5140","","","","","","","3238","3143","1793","2721","","1873","","7490","","4203","7952","9681","5090","","","","6091","9310","8502","6524","6615","","","","","","5141","","","","","",""
"Scandinavian","","","","","","","","","4403","","","","4324","3979","","2641","","","","","","","3491","3376","","","3176","","","","1872","1454","1102","","","1151","1742","1292","","3485","","","","","1870","","","1033","1358","","1645","","1721","","274","","2276","772","","","1205","3089","","","","","","2406","3921","3633","1991","1801","","4034","4196","","","","3455","6361","","690","1731","281","1365","1138","1547","1120","","1882","","","1718","","","1567","","559","1399","957","2236","1383","830","1113","1963","","1646","","1374","784","1245","91","449","","","","","","","398","1219","937","1213","","","","","","","","","","","7727","","","","","2517","1625","1372","1935","2107","1521","","","","","","","","","","","1790","","","","","","2587","","","","","","2371","","","","","","","","","","","","","","","","","934","1388","","1723","452","","1604","","1606","1433","1003","477","","227","1903","","3445","","","","","1509","2920","","1920","535","1317","317","689","","13091","9683","12446","11931","","","","","","","","","2145","","","","","","","","","","","","1641","3671","3051","","","2273","409","","1932","","1328","771","597","","483","","2140","264","","","","2548","805","802","150","","436","262","131","368","1012","370","833","365","","","690","413","541","1175","580","1815","1885","1546","","1519","554","","1132","","","","","","","","","","1188","1056","1634","","","","1165","","","","993","","","","1286","","639","","","2795","","","","","5133","","","6150","","","","","829","1238","891","750","","612","","1044","","1373","","","","","1320","","","","","","","","","","","","","","","","","","","","","","2264","3313","","","690","","","","","","","","","","","","","","","","","1941","","","","","","","","","","","","","2431","","","","","","","2176","3769","1107","1573","","898","","1967","","2018","1447","5193","7419","","","","10640","5899","10285","3568","5922","","","","","","2103","","","","","",""
"Scotch-Irish","","","","","","","","","7668","","","","7051","7318","","4183","","","","","","","8876","6237","","","4068","","","","5160","4731","4038","","","1825","1863","817","","5507","","","","","6339","","","2417","2778","","3898","","3875","","1278","","3394","824","","","3577","4313","","","","","","2997","4716","5925","3426","4009","","6006","8571","","","","6764","10235","","2417","4875","2699","2906","2412","5658","2598","","8092","","","7508","","","8592","","3991","4098","7942","6672","6543","5382","5751","7897","","5133","","3467","1790","2419","302","2873","","","","","","","4456","6303","8365","5155","","","","","","","","","","","8111","","","","","3368","2721","3062","2286","2809","2058","","","","","","","","","","","6224","","","","","","7881","","","","","","6455","","","","","","","","","","","","","","","","","3697","4108","","4414","6805","","5995","","6354","4608","3264","4139","","2727","3202","","6202","","","","","6853","5603","","5618","5912","6230","2060","2487","","3202","2326","4069","3530","","","","","","","","","5711","","","","","","","","","","","","2266","7367","3277","","","7216","4122","","3647","","2350","1986","3988","","954","","3508","2560","","","","3037","1444","2320","565","","428","2318","604","989","2723","404","3938","1046","","","426","2025","3743","5351","4361","6122","3236","3415","","3544","2698","","12843","","","","","","","","","","11323","9699","14957","","","","5685","","","","5575","","","","3676","","6280","","","7701","","","","","8336","","","7188","","","","","3967","4340","4645","8300","","2008","","7140","","7699","","","","","10875","","","","","","","","","","","","","","","","","","","","","","6305","6948","","","2125","","","","","","","","","","","","","","","","","10491","","","","","","","","","","","","","10753","","","","","","","12017","6946","5895","6889","","13141","","8855","","7554","5849","6755","9022","","","","7972","11177","6658","4467","9239","","","","","","1367","","","","","",""
"Scottish","","","","","","","","","18348","","","","16632","18033","","13609","","","","","","","19652","20729","","","10559","","","","12575","9915","10472","","","6755","10425","4066","","15275","","","","","13437","","","5314","6925","","9831","","7095","","3942","","12033","2151","","","11473","9723","","","","","","12842","13837","16851","12921","9125","","15812","23009","","","","17903","20998","","8154","16775","8854","12781","8602","16812","12298","","16301","","","17945","","","17924","","9037","15969","14636","16090","13062","9051","12922","17230","","13532","","14887","8696","6899","1712","2801","","","","","","","8105","12395","18929","9786","","","","","","","","","","","28024","","","","","12426","7788","6217","5064","7116","8400","","","","","","","","","","","16046","","","","","","12611","","","","","","14343","","","","","","","","","","","","","","","","","9607","17581","","8518","12474","","8997","","16851","13549","14789","14830","","6769","12801","","20148","","","","","20574","18187","","24824","14106","18560","8968","9149","","8045","6431","10599","9054","","","","","","","","","13315","","","","","","","","","","","","10135","17885","11694","","","24805","6059","","9897","","6607","4875","8820","","2739","","10036","5252","","","","7400","4738","4253","3679","","1085","5936","974","4319","7544","1916","8354","2419","","","6327","4773","8941","13859","12592","18213","12060","13158","","11129","12959","","19096","","","","","","","","","","11254","15715","19636","","","","14908","","","","15241","","","","8538","","14259","","","18492","","","","","20441","","","24855","","","","","5608","13222","9979","12497","","6247","","13539","","12607","","","","","15801","","","","","","","","","","","","","","","","","","","","","","16408","16150","","","6950","","","","","","","","","","","","","","","","","16050","","","","","","","","","","","","","17337","","","","","","","18287","14721","9540","12107","","19769","","17326","","14421","12419","16098","23196","","","","30238","22421","20314","10162","20057","","","","","","5161","","","","","",""
"Serbian","","","","","","","","","839","","","","927","549","","1273","","","","","","","306","473","","","300","","","","408","336","551","","","178","739","146","","815","","","","","304","","","170","79","","261","","402","","159","","825","686","","","667","419","","","","","","308","925","448","2007","531","","207","257","","","","638","199","","0","129","350","684","132","398","732","","403","","","1283","","","176","","223","27","724","1522","1143","0","190","483","","328","","1157","209","1041","134","396","","","","","","","710","57","47","52","","","","","","","","","","","313","","","","","3348","3285","420","1811","2192","2020","","","","","","","","","","","670","","","","","","183","","","","","","161","","","","","","","","","","","","","","","","","159","416","","610","640","","381","","166","156","301","777","","189","434","","523","","","","","659","411","","1106","1381","951","314","794","","330","92","425","616","","","","","","","","","776","","","","","","","","","","","","222","180","3041","","","313","0","","139","","492","201","629","","1438","","1913","65","","","","228","170","363","0","","480","1830","78","103","1105","0","379","604","","","311","258","1250","94","111","150","130","507","","167","750","","534","","","","","","","","","","404","57","261","","","","614","","","","2609","","","","410","","3877","","","0","","","","","193","","","54","","","","","255","348","493","114","","319","","1805","","3471","","","","","4927","","","","","","","","","","","","","","","","","","","","","","219","437","","","144","","","","","","","","","","","","","","","","","179","","","","","","","","","","","","","1193","","","","","","","88","227","699","125","","554","","1433","","396","373","657","216","","","","264","670","311","171","392","","","","","","1485","","","","","",""
"Slavic","","","","","","","","","886","","","","397","541","","208","","","","","","","313","634","","","293","","","","557","38","149","","","152","143","872","","342","","","","","109","","","195","182","","295","","89","","117","","475","55","","","284","353","","","","","","235","185","195","452","504","","699","547","","","","759","442","","820","247","110","785","1123","458","288","","207","","","298","","","244","","238","412","223","334","255","187","313","571","","512","","483","250","457","432","303","","","","","","","241","290","46","149","","","","","","","","","","","108","","","","","861","882","255","497","159","136","","","","","","","","","","","121","","","","","","301","","","","","","454","","","","","","","","","","","","","","","","","560","233","","455","704","","323","","527","104","82","654","","521","0","","423","","","","","991","498","","590","232","580","209","299","","887","638","299","362","","","","","","","","","788","","","","","","","","","","","","141","778","269","","","195","311","","872","","462","768","811","","284","","1186","576","","","","224","275","578","76","","719","0","479","929","244","1542","432","971","","","175","613","348","627","443","470","603","576","","186","372","","436","","","","","","","","","","30","692","228","","","","118","","","","800","","","","463","","1593","","","72","","","","","1100","","","470","","","","","277","947","137","368","","858","","631","","1622","","","","","481","","","","","","","","","","","","","","","","","","","","","","154","0","","","237","","","","","","","","","","","","","","","","","468","","","","","","","","","","","","","27","","","","","","","203","654","289","190","","611","","434","","449","1253","681","582","","","","371","428","290","252","338","","","","","","340","","","","","",""
"Slovak","","","","","","","","","2001","","","","1791","996","","1406","","","","","","","549","651","","","289","","","","398","566","1278","","","301","1074","250","","499","","","","","678","","","886","938","","681","","485","","254","","1883","95","","","320","361","","","","","","253","729","935","472","477","","753","1331","","","","1375","1243","","1612","1935","3743","3190","3090","1956","1347","","328","","","1162","","","2345","","324","1796","932","1740","1068","748","1416","1573","","1327","","2988","2250","1376","345","420","","","","","","","174","471","1230","393","","","","","","","","","","","498","","","","","1723","2535","1052","1567","708","2544","","","","","","","","","","","1189","","","","","","760","","","","","","493","","","","","","","","","","","","","","","","","1721","1354","","1528","1931","","774","","1017","992","558","1004","","532","690","","1490","","","","","2009","2506","","2419","2287","2109","738","988","","1017","1247","1249","724","","","","","","","","","1209","","","","","","","","","","","","813","277","872","","","625","1280","","3947","","2028","2634","4188","","1939","","2447","1895","","","","1366","360","432","381","","1043","1406","53","359","1307","1196","1576","548","","","1969","2508","467","4591","2186","1313","1569","1159","","631","1402","","1394","","","","","","","","","","1840","1214","1408","","","","3457","","","","22474","","","","7759","","9751","","","118","","","","","660","","","205","","","","","1734","4144","1832","2999","","15212","","3870","","24517","","","","","19088","","","","","","","","","","","","","","","","","","","","","","417","293","","","1098","","","","","","","","","","","","","","","","","986","","","","","","","","","","","","","338","","","","","","","1358","1232","382","809","","1706","","2067","","2413","2764","1222","1069","","","","1103","1221","605","526","439","","","","","","1250","","","","","",""
"Slovene","","","","","","","","","601","","","","705","367","","470","","","","","","","446","207","","","0","","","","292","566","292","","","27","388","47","","270","","","","","446","","","91","237","","92","","250","","152","","159","82","","","138","47","","","","","","152","137","113","313","251","","242","871","","","","552","844","","27","261","252","232","291","636","605","","207","","","518","","","1095","","0","210","485","170","333","497","212","300","","1152","","428","756","173","52","234","","","","","","","248","201","499","50","","","","","","","","","","","422","","","","","647","1225","280","88","619","1659","","","","","","","","","","","277","","","","","","306","","","","","","595","","","","","","","","","","","","","","","","","61","215","","85","408","","333","","149","135","104","513","","109","147","","234","","","","","372","96","","355","280","794","43","145","","434","912","959","1283","","","","","","","","","742","","","","","","","","","","","","210","250","412","","","181","139","","180","","206","72","378","","247","","0","719","","","","147","46","40","0","","0","0","78","0","797","0","498","128","","","0","0","44","209","157","193","160","185","","221","130","","238","","","","","","","","","","0","456","434","","","","1922","","","","7199","","","","6934","","3399","","","490","","","","","243","","","1092","","","","","233","115","31","408","","443","","703","","1937","","","","","2077","","","","","","","","","","","","","","","","","","","","","","277","418","","","293","","","","","","","","","","","","","","","","","577","","","","","","","","","","","","","59","","","","","","","175","48","0","65","","147","","508","","127","498","385","68","","","","903","652","433","167","773","","","","","","606","","","","","",""
"Soviet Union","","","","","","","","","0","","","","0","0","","0","","","","","","","0","0","","","0","","","","0","61","101","","","0","0","0","","0","","","","","0","","","0","0","","0","","35","","0","","0","0","","","0","0","","","","","","0","0","0","0","0","","588","0","","","","0","0","","0","0","0","0","0","260","43","","0","","","0","","","0","","0","0","0","0","0","0","0","42","","0","","0","0","0","0","181","","","","","","","0","0","0","0","","","","","","","","","","","0","","","","","51","0","0","0","0","0","","","","","","","","","","","0","","","","","","0","","","","","","0","","","","","","","","","","","","","","","","","0","0","","0","35","","0","","0","0","0","0","","0","51","","0","","","","","0","0","","0","0","779","0","0","","0","0","0","365","","","","","","","","","0","","","","","","","","","","","","0","49","0","","","64","0","","0","","50","0","0","","0","","0","30","","","","0","0","54","61","","256","607","4310","157","0","189","0","0","","","76","0","0","146","0","0","0","0","","0","0","","0","","","","","","","","","","0","88","0","","","","0","","","","0","","","","79","","0","","","0","","","","","0","","","0","","","","","71","0","0","0","","0","","0","","51","","","","","0","","","","","","","","","","","","","","","","","","","","","","0","0","","","0","","","","","","","","","","","","","","","","","0","","","","","","","","","","","","","0","","","","","","","0","0","0","0","","0","","0","","0","0","0","0","","","","0","0","0","0","0","","","","","","0","","","","","",""
"Subsaharan African","","","","","","","","","8972","","","","6127","5382","","6904","","","","","","","4346","2411","","","7949","","","","5343","7177","14939","","","1416","3264","3262","","4542","","","","","1833","","","6491","3498","","5793","","5067","","4899","","8145","21232","","","5559","5604","","","","","","5001","4962","5100","4170","10837","","12505","3523","","","","20384","2627","","10595","5217","8602","7520","6641","25229","28434","","5508","","","11976","","","1969","","7503","13789","2917","2201","5782","3699","5511","3212","","3541","","4294","6784","5023","7369","10518","","","","","","","38161","22594","12108","39070","","","","","","","","","","","4219","","","","","7134","2051","15657","5934","16507","4317","","","","","","","","","","","7157","","","","","","11162","","","","","","6250","","","","","","","","","","","","","","","","","26906","25198","","36648","24623","","49718","","14317","11792","9749","15257","","26267","26772","","802","","","","","7665","6735","","3090","9226","5433","15227","17663","","22474","30162","38611","44774","","","","","","","","","4038","","","","","","","","","","","","7856","2300","16856","","","4390","11106","","12019","","5175","9046","3634","","7080","","5298","13805","","","","4788","4869","2950","7889","","3052","6399","26167","23642","4953","7409","9323","24507","","","13590","4655","6251","2414","8972","1266","5700","3172","","10689","11798","","11558","","","","","","","","","","25938","11935","23920","","","","50599","","","","3882","","","","16619","","13955","","","8327","","","","","3981","","","1487","","","","","15553","8869","26089","5839","","4545","","10225","","6070","","","","","5980","","","","","","","","","","","","","","","","","","","","","","20317","12976","","","48197","","","","","","","","","","","","","","","","","14389","","","","","","","","","","","","","10345","","","","","","","8550","13641","16098","24827","","6663","","39553","","16376","20590","11020","10512","","","","3996","19119","6411","38940","14223","","","","","","12017","","","","","",""
"Subsaharan African > Cape Verdean","","","","","","","","","0","","","","213","0","","0","","","","","","","132","0","","","233","","","","31","66","100","","","0","0","0","","93","","","","","0","","","0","0","","0","","0","","0","","73","78","","","0","0","","","","","","0","0","46","0","108","","124","90","","","","141","0","","613","1165","480","93","1113","0","178","","0","","","0","","","176","","0","0","63","34","313","0","141","821","","115","","0","0","0","0","275","","","","","","","50","0","0","151","","","","","","","","","","","0","","","","","0","103","0","0","0","0","","","","","","","","","","","0","","","","","","0","","","","","","0","","","","","","","","","","","","","","","","","89","0","","124","177","","297","","93","675","6254","1441","","7508","18486","","0","","","","","0","0","","0","0","120","0","66","","0","0","0","0","","","","","","","","","0","","","","","","","","","","","","0","0","77","","","152","0","","0","","37","0","0","","24","","395","66","","","","0","0","0","0","","0","381","0","57","77","126","0","56","","","199","61","0","0","0","0","0","0","","0","0","","0","","","","","","","","","","0","114","0","","","","0","","","","0","","","","0","","310","","","0","","","","","0","","","53","","","","","115","0","0","0","","58","","0","","0","","","","","45","","","","","","","","","","","","","","","","","","","","","","94","0","","","0","","","","","","","","","","","","","","","","","0","","","","","","","","","","","","","0","","","","","","","0","0","219","0","","0","","38","","0","162","0","0","","","","17","0","0","0","77","","","","","","0","","","","","",""
"Subsaharan African > Ethiopian","","","","","","","","","0","","","","30","689","","385","","","","","","","554","589","","","550","","","","59","623","2595","","","94","993","1859","","1216","","","","","188","","","788","252","","473","","381","","327","","488","2114","","","78","1081","","","","","","867","112","44","933","1352","","2473","0","","","","10060","411","","52","231","454","0","0","0","6451","","130","","","147","","","0","","0","134","0","0","577","52","0","328","","205","","0","169","0","324","84","","","","","","","8028","2102","829","11499","","","","","","","","","","","169","","","","","710","110","139","232","2375","0","","","","","","","","","","","559","","","","","","226","","","","","","1376","","","","","","","","","","","","","","","","","908","3628","","2514","3772","","21498","","670","0","253","1884","","6520","279","","18","","","","","1301","626","","0","0","0","335","58","","2643","2603","12790","4592","","","","","","","","","190","","","","","","","","","","","","656","615","10615","","","155","0","","400","","506","765","170","","0","","266","612","","","","0","130","0","210","","289","806","71","736","62","0","439","491","","","33","64","528","73","430","326","203","0","","1592","254","","298","","","","","","","","","","2357","11","572","","","","4174","","","","177","","","","54","","122","","","114","","","","","119","","","0","","","","","1116","229","1720","266","","0","","760","","60","","","","","42","","","","","","","","","","","","","","","","","","","","","","5205","763","","","3147","","","","","","","","","","","","","","","","","79","","","","","","","","","","","","","990","","","","","","","2391","693","521","478","","1130","","21605","","2301","8690","3990","2806","","","","153","7347","55","11710","29","","","","","","1324","","","","","",""
"Subsaharan African > Ghanaian","","","","","","","","","0","","","","458","0","","639","","","","","","","0","0","","","0","","","","656","435","113","","","159","380","0","","0","","","","","56","","","0","0","","59","","0","","296","","193","0","","","565","405","","","","","","722","221","256","0","506","","933","340","","","","747","0","","1411","141","608","252","50","2648","1731","","323","","","0","","","0","","0","1555","0","0","0","0","0","0","","0","","334","0","0","0","59","","","","","","","1689","1205","2024","1745","","","","","","","","","","","157","","","","","100","30","2545","111","2286","402","","","","","","","","","","","205","","","","","","281","","","","","","262","","","","","","","","","","","","","","","","","852","2251","","1753","4905","","1383","","6363","650","311","1266","","176","1225","","125","","","","","310","136","","0","68","429","619","85","","896","425","970","560","","","","","","","","","563","","","","","","","","","","","","53","508","78","","","355","1197","","281","","411","1763","1067","","85","","112","3352","","","","319","568","802","1714","","0","538","1822","3046","171","2006","746","3134","","","2448","1547","690","195","1135","136","270","174","","808","671","","1712","","","","","","","","","","388","1328","205","","","","5061","","","","249","","","","2146","","478","","","200","","","","","0","","","0","","","","","783","78","1231","84","","186","","724","","102","","","","","1064","","","","","","","","","","","","","","","","","","","","","","69","2572","","","1633","","","","","","","","","","","","","","","","","707","","","","","","","","","","","","","388","","","","","","","805","63","1162","591","","301","","2555","","1318","2188","226","382","","","","54","477","46","1166","606","","","","","","495","","","","","",""
"Subsaharan African > Kenyan","","","","","","","","","0","","","","590","0","","97","","","","","","","0","0","","","0","","","","1164","35","410","","","0","0","0","","0","","","","","0","","","0","63","","243","","0","","250","","59","0","","","0","169","","","","","","0","60","0","0","224","","137","253","","","","192","0","","12","895","285","0","245","1000","338","","98","","","0","","","0","","0","0","0","0","0","95","0","80","","0","","85","0","225","0","77","","","","","","","129","551","3688","1016","","","","","","","","","","","156","","","","","183","65","223","110","405","81","","","","","","","","","","","0","","","","","","88","","","","","","1736","","","","","","","","","","","","","","","","","1325","193","","1075","160","","896","","1318","2283","482","176","","419","253","","0","","","","","74","561","","0","0","0","0","782","","1971","3138","807","2075","","","","","","","","","0","","","","","","","","","","","","334","0","73","","","491","0","","298","","0","276","361","","65","","233","249","","","","0","51","0","0","","0","196","0","469","0","32","190","699","","","0","36","97","0","159","0","70","0","","0","450","","554","","","","","","","","","","170","440","1086","","","","346","","","","71","","","","251","","0","","","36","","","","","0","","","0","","","","","0","180","344","215","","235","","325","","200","","","","","568","","","","","","","","","","","","","","","","","","","","","","415","1251","","","2651","","","","","","","","","","","","","","","","","146","","","","","","","","","","","","","113","","","","","","","507","315","0","890","","0","","50","","692","435","377","221","","","","1438","1652","923","5278","1643","","","","","","157","","","","","",""
"Subsaharan African > Liberian","","","","","","","","","0","","","","0","0","","0","","","","","","","0","0","","","946","","","","0","0","154","","","0","0","0","","290","","","","","0","","","270","0","","0","","0","","204","","0","316","","","0","0","","","","","","0","0","1","0","0","","0","0","","","","300","0","","216","0","115","0","0","1869","1151","","153","","","0","","","0","","994","0","0","0","154","0","0","0","","0","","0","0","166","0","0","","","","","","","746","0","0","1797","","","","","","","","","","","0","","","","","0","0","0","0","0","0","","","","","","","","","","","0","","","","","","47","","","","","","0","","","","","","","","","","","","","","","","","76","1608","","1079","1467","","277","","487","212","33","93","","86","559","","0","","","","","0","0","","0","0","116","158","0","","613","6136","1085","2000","","","","","","","","","0","","","","","","","","","","","","0","0","0","","","0","214","","2440","","0","66","5","","183","","262","339","","","","0","0","0","0","","255","561","0","229","0","470","0","90","","","329","80","0","94","0","0","44","0","","0","0","","389","","","","","","","","","","1435","0","0","","","","1039","","","","609","","","","533","","0","","","164","","","","","53","","","3","","","","","552","699","5859","0","","456","","248","","50","","","","","0","","","","","","","","","","","","","","","","","","","","","","265","131","","","286","","","","","","","","","","","","","","","","","202","","","","","","","","","","","","","0","","","","","","","296","219","71","87","","0","","117","","151","70","0","0","","","","0","0","361","949","1510","","","","","","239","","","","","",""
"Subsaharan African > Nigerian","","","","","","","","","2632","","","","1178","1195","","720","","","","","","","306","0","","","1479","","","","877","1111","2919","","","511","241","661","","268","","","","","813","","","1789","728","","2619","","2230","","1348","","2576","2962","","","3885","472","","","","","","507","153","168","607","993","","1554","739","","","","1884","1032","","1118","644","1277","843","551","3827","6187","","459","","","694","","","58","","1447","204","505","295","734","1138","960","309","","1264","","645","746","358","1455","3245","","","","","","","5952","5146","1319","9124","","","","","","","","","","","337","","","","","3204","1199","4451","1448","9185","2022","","","","","","","","","","","4610","","","","","","453","","","","","","794","","","","","","","","","","","","","","","","","10328","7091","","13577","2336","","4026","","1629","1908","314","1171","","5987","299","","0","","","","","1823","894","","182","1221","1890","2493","921","","2336","5255","1711","1623","","","","","","","","","198","","","","","","","","","","","","841","193","964","","","780","2593","","2755","","2284","2450","679","","1868","","546","2295","","","","1584","1476","149","2772","","384","1256","5801","5060","600","1620","1441","2368","","","2811","180","2341","726","1525","497","1208","335","","207","1558","","2288","","","","","","","","","","1507","748","5103","","","","3777","","","","1354","","","","2263","","1278","","","2327","","","","","381","","","40","","","","","1697","2611","2727","1842","","957","","2922","","1560","","","","","903","","","","","","","","","","","","","","","","","","","","","","6385","3041","","","28389","","","","","","","","","","","","","","","","","2200","","","","","","","","","","","","","4624","","","","","","","733","1996","1370","4562","","835","","1516","","1305","1604","430","209","","","","962","1216","334","591","2506","","","","","","2711","","","","","",""
"Subsaharan African > Senegalese","","","","","","","","","0","","","","637","0","","0","","","","","","","59","0","","","0","","","","0","0","223","","","0","142","0","","0","","","","","0","","","0","0","","56","","0","","51","","0","73","","","0","0","","","","","","0","0","0","0","0","","0","0","","","","72","48","","0","0","0","0","533","0","728","","0","","","0","","","0","","0","0","0","0","368","0","0","0","","0","","0","0","0","0","0","","","","","","","560","188","1048","78","","","","","","","","","","","0","","","","","45","0","0","0","0","0","","","","","","","","","","","0","","","","","","0","","","","","","0","","","","","","","","","","","","","","","","","0","0","","371","45","","237","","19","0","0","162","","104","299","","0","","","","","0","0","","0","342","96","0","136","","0","40","0","0","","","","","","","","","0","","","","","","","","","","","","0","0","1081","","","0","0","","72","","391","876","0","","0","","29","975","","","","0","0","0","168","","457","106","708","60","0","31","1445","1765","","","0","68","0","0","106","0","0","0","","0","0","","91","","","","","","","","","","101","0","414","","","","3760","","","","0","","","","0","","0","","","58","","","","","0","","","0","","","","","191","0","0","31","","0","","0","","0","","","","","213","","","","","","","","","","","","","","","","","","","","","","0","0","","","60","","","","","","","","","","","","","","","","","0","","","","","","","","","","","","","0","","","","","","","0","0","797","0","","117","","0","","0","0","167","0","","","","124","0","0","274","70","","","","","","0","","","","","",""
"Subsaharan African > Sierra Leonean","","","","","","","","","0","","","","0","0","","3","","","","","","","0","0","","","0","","","","0","77","155","","","180","119","0","","664","","","","","0","","","0","0","","42","","49","","0","","0","0","","","0","0","","","","","","0","0","0","0","0","","0","0","","","","0","0","","0","0","149","180","0","1195","1137","","0","","","0","","","0","","0","0","0","0","0","0","0","0","","0","","0","0","0","0","0","","","","","","","363","83","0","1055","","","","","","","","","","","0","","","","","0","0","246","0","0","0","","","","","","","","","","","0","","","","","","0","","","","","","143","","","","","","","","","","","","","","","","","94","71","","789","946","","243","","0","0","133","0","","13","120","","0","","","","","0","0","","0","0","99","0","0","","0","0","0","0","","","","","","","","","39","","","","","","","","","","","","0","0","0","","","93","339","","87","","0","158","0","","0","","0","674","","","","0","97","0","0","","255","0","0","301","0","0","0","272","","","0","0","0","0","114","0","0","0","","0","0","","666","","","","","","","","","","0","249","89","","","","659","","","","0","","","","73","","0","","","0","","","","","0","","","0","","","","","0","0","2294","0","","0","","320","","155","","","","","76","","","","","","","","","","","","","","","","","","","","","","178","0","","","415","","","","","","","","","","","","","","","","","0","","","","","","","","","","","","","118","","","","","","","82","101","0","0","","0","","1548","","0","759","0","0","","","","0","0","0","120","76","","","","","","53","","","","","",""
"Subsaharan African > Somali","","","","","","","","","473","","","","0","0","","0","","","","","","","0","0","","","806","","","","0","0","68","","","0","149","0","","0","","","","","0","","","0","14","","0","","0","","0","","36","77","","","0","0","","","","","","0","0","209","0","506","","233","0","","","","121","0","","0","0","26","0","0","0","0","","0","","","0","","","64","","0","0","0","0","409","332","0","0","","0","","0","0","0","0","0","","","","","","","3118","114","0","188","","","","","","","","","","","0","","","","","0","0","262","0","347","0","","","","","","","","","","","0","","","","","","0","","","","","","77","","","","","","","","","","","","","","","","","0","0","","0","93","","448","","0","0","0","80","","192","0","","35","","","","","186","0","","0","0","0","0","330","","5630","4511","12534","23235","","","","","","","","","0","","","","","","","","","","","","0","0","0","","","0","0","","0","","0","0","0","","0","","0","0","","","","0","0","0","0","","0","0","0","72","0","0","0","0","","","0","0","0","0","0","0","1621","321","","1696","0","","0","","","","","","","","","","5548","183","500","","","","18594","","","","0","","","","244","","123","","","0","","","","","221","","","7","","","","","220","0","0","301","","43","","0","","0","","","","","196","","","","","","","","","","","","","","","","","","","","","","0","0","","","918","","","","","","","","","","","","","","","","","290","","","","","","","","","","","","","0","","","","","","","38","0","103","92","","0","","539","","3261","396","450","51","","","","0","3120","252","10883","0","","","","","","2133","","","","","",""
"Subsaharan African > South African","","","","","","","","","285","","","","346","0","","216","","","","","","","374","657","","","51","","","","303","998","400","","","0","180","0","","295","","","","","125","","","240","0","","578","","117","","0","","1356","365","","","120","0","","","","","","230","430","1730","811","158","","648","0","","","","325","755","","0","538","106","273","459","1043","482","","0","","","1000","","","223","","38","1064","244","479","0","0","374","56","","217","","284","702","490","0","2230","","","","","","","234","389","521","400","","","","","","","","","","","41","","","","","426","12","47","101","278","80","","","","","","","","","","","412","","","","","","81","","","","","","154","","","","","","","","","","","","","","","","","103","568","","168","358","","559","","0","44","338","157","","452","28","","96","","","","","65","37","","0","317","482","0","0","","357","297","218","88","","","","","","","","","0","","","","","","","","","","","","0","0","0","","","0","157","","589","","33","0","93","","362","","437","208","","","","192","0","461","91","","0","174","275","78","681","197","647","0","","","388","301","0","94","461","0","78","0","","271","0","","377","","","","","","","","","","288","198","716","","","","619","","","","7","","","","109","","120","","","0","","","","","0","","","525","","","","","246","0","60","65","","0","","0","","0","","","","","385","","","","","","","","","","","","","","","","","","","","","","487","244","","","31","","","","","","","","","","","","","","","","","51","","","","","","","","","","","","","698","","","","","","","44","98","67","0","","203","","376","","734","50","476","119","","","","60","183","667","348","434","","","","","","316","","","","","",""
"Subsaharan African > Sudanese","","","","","","","","","0","","","","0","544","","388","","","","","","","0","205","","","126","","","","0","0","1069","","","0","0","0","","0","","","","","0","","","183","0","","0","","0","","0","","0","0","","","0","0","","","","","","0","0","0","73","0","","0","0","","","","1342","0","","97","0","0","0","71","189","334","","0","","","633","","","0","","0","0","0","204","0","0","0","0","","0","","0","0","0","0","0","","","","","","","0","358","0","42","","","","","","","","","","","0","","","","","1877","0","0","212","0","0","","","","","","","","","","","0","","","","","","2482","","","","","","0","","","","","","","","","","","","","","","","","855","59","","0","0","","288","","108","0","73","236","","187","107","","0","","","","","103","811","","0","59","0","61","421","","280","314","1183","140","","","","","","","","","0","","","","","","","","","","","","0","0","0","","","183","0","","0","","0","0","0","","743","","0","335","","","","25","48","0","167","","0","122","0","0","115","0","308","191","","","0","45","182","106","0","15","0","0","","682","650","","0","","","","","","","","","","67","0","0","","","","0","","","","0","","","","186","","0","","","0","","","","","262","","","0","","","","","189","81","124","0","","104","","408","","0","","","","","0","","","","","","","","","","","","","","","","","","","","","","98","0","","","112","","","","","","","","","","","","","","","","","1210","","","","","","","","","","","","","0","","","","","","","802","0","249","348","","0","","1487","","1132","586","594","1807","","","","0","108","93","0","655","","","","","","693","","","","","",""
"Subsaharan African > Ugandan","","","","","","","","","2049","","","","0","0","","941","","","","","","","1138","0","","","0","","","","0","0","41","","","0","0","95","","0","","","","","0","","","0","115","","84","","327","","0","","0","0","","","0","0","","","","","","0","0","79","23","276","","0","0","","","","0","0","","119","92","0","66","0","504","368","","0","","","0","","","0","","0","0","0","0","0","68","0","0","","0","","0","0","0","0","0","","","","","","","0","0","60","0","","","","","","","","","","","0","","","","","0","0","76","0","96","0","","","","","","","","","","","98","","","","","","0","","","","","","110","","","","","","","","","","","","","","","","","274","179","","327","317","","0","","101","1081","167","4847","","129","0","","51","","","","","40","0","","0","0","0","0","84","","0","170","0","193","","","","","","","","","0","","","","","","","","","","","","0","0","0","","","0","0","","34","","0","89","0","","0","","133","0","","","","729","0","0","0","","0","80","216","483","459","0","96","0","","","0","0","0","0","16","0","0","0","","0","0","","254","","","","","","","","","","37","161","0","","","","581","","","","0","","","","270","","42","","","191","","","","","1346","","","65","","","","","61","120","506","0","","0","","0","","91","","","","","0","","","","","","","","","","","","","","","","","","","","","","0","0","","","0","","","","","","","","","","","","","","","","","1307","","","","","","","","","","","","","0","","","","","","","0","0","0","0","","0","","166","","42","210","728","0","","","","0","0","0","277","558","","","","","","0","","","","","",""
"Subsaharan African > Zimbabwean","","","","","","","","","0","","","","76","0","","0","","","","","","","0","0","","","0","","","","97","0","54","","","0","0","0","","50","","","","","0","","","0","0","","0","","0","","0","","0","0","","","0","0","","","","","","80","0","0","0","0","","0","0","","","","0","0","","0","0","0","0","0","0","232","","0","","","0","","","125","","89","0","0","0","0","0","0","0","","0","","0","0","0","0","0","","","","","","","111","380","0","0","","","","","","","","","","","0","","","","","0","0","0","0","0","0","","","","","","","","","","","72","","","","","","0","","","","","","244","","","","","","","","","","","","","","","","","24","0","","0","415","","102","","353","0","0","38","","329","0","","0","","","","","0","139","","0","0","0","0","0","","0","0","157","0","","","","","","","","","0","","","","","","","","","","","","129","0","56","","","238","0","","0","","0","0","0","","0","","0","0","","","","305","0","0","0","","0","188","0","0","0","0","120","0","","","0","0","0","0","147","0","108","0","","51","87","","0","","","","","","","","","","0","0","71","","","","0","","","","0","","","","0","","22","","","0","","","","","0","","","0","","","","","0","0","0","0","","0","","0","","165","","","","","0","","","","","","","","","","","","","","","","","","","","","","0","868","","","0","","","","","","","","","","","","","","","","","281","","","","","","","","","","","","","0","","","","","","","0","43","0","0","","0","","0","","0","0","132","0","","","","0","106","206","391","323","","","","","","0","","","","","",""
"Subsaharan African > African","","","","","","","","","4800","","","","2290","2300","","3578","","","","","","","1731","931","","","2579","","","","1918","2150","6279","","","387","697","715","","1656","","","","","651","","","2999","987","","1231","","1641","","2099","","2950","14951","","","750","3383","","","","","","2617","3605","2516","1554","6246","","3174","2028","","","","3855","222","","5368","1302","4547","5279","2973","9754","7057","","3555","","","7437","","","1307","","5600","10338","1980","920","2573","1591","3380","1136","","1740","","2960","4747","3441","5114","4243","","","","","","","14014","10268","2203","9154","","","","","","","","","","","1972","","","","","587","452","6449","1400","1175","1516","","","","","","","","","","","873","","","","","","3370","","","","","","1439","","","","","","","","","","","","","","","","","9166","6482","","9492","4599","","9696","","2723","4528","918","2887","","3735","3833","","390","","","","","2663","1441","","2559","6648","2201","10532","13792","","4769","7177","6204","6958","","","","","","","","","3048","","","","","","","","","","","","5784","768","3145","","","1600","6302","","3498","","1475","3144","977","","3700","","2239","3216","","","","1427","2499","1425","2767","","1003","1720","11799","10232","2727","2466","2464","10791","","","6473","2161","2231","1016","3339","548","1703","2327","","4974","4330","","5360","","","","","","","","","","11578","5530","13581","","","","7924","","","","1159","","","","8256","","10403","","","5085","","","","","1174","","","386","","","","","5555","4720","7731","2886","","2500","","4851","","2395","","","","","2502","","","","","","","","","","","","","","","","","","","","","","6453","3895","","","6280","","","","","","","","","","","","","","","","","4591","","","","","","","","","","","","","3087","","","","","","","2802","8943","10845","16933","","4051","","7531","","4931","4986","2256","2884","","","","1134","2856","2111","5745","5846","","","","","","2991","","","","","",""
"Subsaharan African > Other Subsaharan African","","","","","","","","","402","","","","309","891","","435","","","","","","","116","29","","","1823","","","","238","1846","411","","","85","507","0","","165","","","","","0","","","955","1359","","477","","374","","709","","438","525","","","178","148","","","","","","70","543","192","169","505","","3376","326","","","","1484","159","","1682","878","567","623","646","5143","3292","","790","","","2166","","","16","","144","711","125","269","1037","423","656","482","","0","","542","420","343","476","305","","","","","","","3572","2479","416","4286","","","","","","","","","","","1387","","","","","2","80","2599","2690","521","504","","","","","","","","","","","572","","","","","","5128","","","","","","25","","","","","","","","","","","","","","","","","3554","3070","","5746","5797","","10460","","951","815","800","1100","","770","1579","","87","","","","","1140","2470","","349","639","197","1137","1105","","3726","1164","2519","4054","","","","","","","","","362","","","","","","","","","","","","87","216","828","","","640","388","","1990","","38","205","287","","50","","675","1662","","","","207","0","113","0","","664","824","5724","3353","61","461","1960","5259","","","989","768","280","274","1676","70","457","15","","714","4084","","1432","","","","","","","","","","2663","3234","2010","","","","4477","","","","256","","","","2354","","1057","","","188","","","","","477","","","408","","","","","5404","810","4481","248","","93","","331","","1383","","","","","337","","","","","","","","","","","","","","","","","","","","","","1071","252","","","5154","","","","","","","","","","","","","","","","","3791","","","","","","","","","","","","","327","","","","","","","219","1268","1344","1261","","257","","2659","","1561","752","1194","2073","","","","54","2388","1396","2108","1068","","","","","","955","","","","","",""
"Swedish","","","","","","","","","15014","","","","13143","14533","","14096","","","","","","","14973","14089","","","5920","","","","7840","7627","6902","","","4743","8238","3760","","9637","","","","","10873","","","4491","5538","","7945","","5239","","1854","","6865","1811","","","9675","6251","","","","","","10517","9721","11601","9816","6608","","13659","15904","","","","12680","18400","","9385","15834","6820","5917","8632","5070","5516","","2309","","","7339","","","7453","","2242","7494","6416","7857","4911","4712","9990","9680","","9829","","6018","5117","4064","805","2126","","","","","","","2750","4263","7374","1590","","","","","","","","","","","23741","","","","","14945","16604","9268","11707","14176","11564","","","","","","","","","","","6518","","","","","","17528","","","","","","11224","","","","","","","","","","","","","","","","","2832","3916","","3310","4589","","5590","","13015","9413","7062","8049","","3224","8976","","25967","","","","","7765","9097","","6375","7368","6440","3222","1991","","37491","51493","40017","42372","","","","","","","","","5627","","","","","","","","","","","","7672","10140","5730","","","10333","2200","","4755","","2198","1447","5938","","2916","","3969","2442","","","","3663","2397","2558","1160","","765","2172","602","1525","6002","2146","3768","1918","","","1997","3945","4311","5487","4537","5549","3783","15998","","4897","4543","","5354","","","","","","","","","","2310","4292","3961","","","","3732","","","","4272","","","","2773","","4920","","","5208","","","","","16954","","","12940","","","","","3386","4383","4771","4498","","3084","","4351","","5699","","","","","5159","","","","","","","","","","","","","","","","","","","","","","6083","5724","","","2863","","","","","","","","","","","","","","","","","5257","","","","","","","","","","","","","7265","","","","","","","6779","4450","2423","2629","","3994","","8027","","6510","6774","18845","25044","","","","22000","23227","18069","14432","13419","","","","","","6619","","","","","",""
"Swiss","","","","","","","","","3250","","","","2610","2453","","1545","","","","","","","5288","3946","","","1216","","","","2116","3076","2510","","","1566","2387","1356","","3481","","","","","2781","","","1387","1242","","2181","","1179","","355","","1423","493","","","1518","1818","","","","","","1525","1479","3276","1741","2047","","2158","3698","","","","1540","3614","","998","2248","1339","1212","837","1105","1781","","1300","","","2043","","","671","","1573","1978","2262","1844","1570","825","1360","5026","","2293","","1924","392","1770","460","727","","","","","","","941","1051","890","650","","","","","","","","","","","5407","","","","","2014","1483","757","1358","1833","1321","","","","","","","","","","","3662","","","","","","5004","","","","","","2446","","","","","","","","","","","","","","","","","882","1543","","609","2746","","1374","","681","846","1915","2127","","1383","789","","2175","","","","","1560","1699","","1783","617","318","543","343","","2766","3037","3165","2611","","","","","","","","","2916","","","","","","","","","","","","2666","3075","603","","","1654","468","","1075","","1381","442","1244","","195","","1008","940","","","","1228","473","523","198","","359","765","360","761","1574","248","2867","621","","","776","626","1029","2318","1278","2491","1855","753","","1670","412","","1954","","","","","","","","","","1702","754","1696","","","","3225","","","","8227","","","","1791","","4609","","","1281","","","","","4267","","","3521","","","","","1624","2076","1900","6259","","1209","","3278","","1136","","","","","2250","","","","","","","","","","","","","","","","","","","","","","1937","1037","","","1781","","","","","","","","","","","","","","","","","2229","","","","","","","","","","","","","3879","","","","","","","1268","1715","247","1027","","4866","","3384","","2630","1857","2391","2293","","","","2522","3714","3970","2350","2697","","","","","","2200","","","","","",""
"Turkish","","","","","","","","","1078","","","","293","295","","0","","","","","","","406","984","","","317","","","","580","957","1689","","","2063","3182","1075","","1533","","","","","447","","","0","159","","1050","","2075","","66","","1647","350","","","959","260","","","","","","1471","99","923","2179","448","","214","208","","","","329","351","","1840","612","1189","965","762","1127","1626","","218","","","1312","","","417","","383","491","310","981","1227","793","1085","406","","524","","203","598","2135","2166","623","","","","","","","951","788","5105","689","","","","","","","","","","","85","","","","","1591","286","888","1365","1777","1046","","","","","","","","","","","326","","","","","","58","","","","","","293","","","","","","","","","","","","","","","","","772","285","","44","785","","3324","","812","1380","1919","1909","","2431","1181","","67","","","","","383","516","","86","277","53","79","130","","41","157","248","413","","","","","","","","","389","","","","","","","","","","","","475","180","1809","","","760","1788","","1659","","2034","12","1289","","4420","","3438","2113","","","","1771","2370","1071","759","","1065","4047","1404","912","970","182","2575","1401","","","966","376","486","154","906","187","828","406","","2028","471","","559","","","","","","","","","","371","1181","662","","","","794","","","","910","","","","321","","284","","","375","","","","","569","","","498","","","","","435","626","632","948","","588","","1154","","842","","","","","2080","","","","","","","","","","","","","","","","","","","","","","1160","102","","","3518","","","","","","","","","","","","","","","","","749","","","","","","","","","","","","","690","","","","","","","594","402","93","0","","140","","1930","","2986","5310","1652","280","","","","132","1108","192","817","328","","","","","","339","","","","","",""
"Ukrainian","","","","","","","","","4751","","","","1332","2307","","2911","","","","","","","4008","6998","","","19417","","","","5986","6175","4310","","","2827","5205","2063","","2913","","","","","2143","","","1323","2161","","7849","","9077","","1191","","8656","1393","","","3593","960","","","","","","4428","1383","3676","5858","3401","","1988","2780","","","","3685","2712","","4391","4649","3604","6358","5155","7331","4424","","1472","","","3437","","","2941","","2657","1950","2676","4175","2985","1220","3734","7873","","3761","","3117","4369","4270","3226","7429","","","","","","","1631","2060","4290","1117","","","","","","","","","","","1348","","","","","7584","5175","4511","9668","7036","10810","","","","","","","","","","","2193","","","","","","296","","","","","","1128","","","","","","","","","","","","","","","","","4657","2546","","2608","3373","","5727","","3686","2585","4193","5667","","3027","3777","","2066","","","","","3929","3668","","3679","7924","7684","3349","1960","","1383","2738","3287","3592","","","","","","","","","2113","","","","","","","","","","","","1684","2491","2983","","","3207","4951","","6846","","8418","6409","9723","","4259","","7925","7256","","","","5758","1498","4947","4615","","3684","4995","23511","10940","9644","12947","10627","1843","","","5758","5064","6872","6024","5447","3959","7118","6233","","9326","4541","","3730","","","","","","","","","","1412","3275","3607","","","","2665","","","","15811","","","","4172","","3615","","","1496","","","","","3968","","","2720","","","","","5510","10150","5708","6420","","7673","","4147","","5424","","","","","5710","","","","","","","","","","","","","","","","","","","","","","2772","1348","","","2649","","","","","","","","","","","","","","","","","1033","","","","","","","","","","","","","2617","","","","","","","2939","1664","2200","1001","","1177","","5698","","2342","4125","8857","7974","","","","3524","6578","9213","10586","5837","","","","","","697","","","","","",""
"Welsh","","","","","","","","","5314","","","","3962","5764","","4277","","","","","","","7042","5345","","","2829","","","","3129","3923","2761","","","1820","2838","1082","","3804","","","","","3783","","","1810","3893","","3104","","3199","","618","","2451","757","","","4388","1867","","","","","","2191","3910","3398","3988","3102","","4535","9191","","","","3905","5976","","1733","4241","1448","2263","1229","7162","2437","","4125","","","5486","","","4611","","4722","2951","4834","3976","2456","2851","6366","5473","","3240","","3003","1329","1840","884","347","","","","","","","1953","3416","3473","2387","","","","","","","","","","","14876","","","","","2997","1110","963","1434","3622","2155","","","","","","","","","","","4044","","","","","","4053","","","","","","4849","","","","","","","","","","","","","","","","","4649","5081","","3088","4071","","3554","","2129","2253","3039","2450","","2740","1496","","3486","","","","","3683","3573","","2752","2296","2554","2373","2702","","3577","2669","1933","4004","","","","","","","","","3306","","","","","","","","","","","","2541","4996","2551","","","2855","2941","","1850","","1491","1403","3217","","920","","1865","1396","","","","1552","912","828","446","","338","919","461","320","2426","52","2870","1424","","","954","1645","2599","6908","3362","8258","8968","4422","","4654","4129","","5695","","","","","","","","","","3278","3394","3669","","","","7102","","","","4567","","","","4464","","6914","","","4370","","","","","4189","","","6768","","","","","2977","10739","3397","7517","","16318","","7521","","6852","","","","","6385","","","","","","","","","","","","","","","","","","","","","","4128","1817","","","1268","","","","","","","","","","","","","","","","","5517","","","","","","","","","","","","","4119","","","","","","","5243","2957","2709","3699","","3928","","4994","","5657","3097","4800","8336","","","","6145","6884","5421","4807","5894","","","","","","1832","","","","","",""
"West Indian (except Hispanic groups)","","","","","","","","","2783","","","","2360","1787","","2844","","","","","","","2233","1122","","","2966","","","","983","1747","2845","","","1035","1142","1700","","886","","","","","382","","","3199","1344","","3452","","2410","","2664","","2204","13475","","","1333","2609","","","","","","438","2261","1038","2363","2780","","6460","703","","","","1190","918","","34683","7018","14565","26695","18340","16350","12828","","10146","","","10783","","","16068","","73246","27681","5103","5195","15471","22873","16150","15958","","19600","","37616","85486","50662","122975","59998","","","","","","","28393","14576","8260","19581","","","","","","","","","","","541","","","","","3443","1127","6267","1650","4579","3903","","","","","","","","","","","2674","","","","","","1880","","","","","","895","","","","","","","","","","","","","","","","","7709","5353","","16374","6563","","15319","","5825","7289","11186","8899","","50465","24218","","611","","","","","1651","1223","","236","1305","3419","1619","2272","","3154","439","1549","2786","","","","","","","","","1573","","","","","","","","","","","","3440","789","3641","","","2133","10390","","13092","","10677","16629","8251","","11532","","16571","15427","","","","8697","24641","10518","50232","","10769","19875","86562","132583","9515","10273","12816","22505","","","51951","23676","25071","5003","10546","2769","4523","1163","","8288","4930","","6973","","","","","","","","","","5960","6118","5111","","","","6839","","","","1116","","","","4610","","416","","","2718","","","","","972","","","1592","","","","","16122","6257","11016","2767","","10564","","5955","","6993","","","","","1672","","","","","","","","","","","","","","","","","","","","","","1117","3333","","","6146","","","","","","","","","","","","","","","","","2180","","","","","","","","","","","","","3122","","","","","","","5015","12160","11495","11885","","2761","","3634","","3817","5942","625","1725","","","","1682","1683","2779","1988","3551","","","","","","1765","","","","","",""
"West Indian > Bahamian","","","","","","","","","0","","","","0","0","","0","","","","","","","0","0","","","162","","","","0","0","0","","","0","0","0","","0","","","","","0","","","0","0","","0","","2","","110","","0","174","","","42","0","","","","","","0","0","0","0","0","","0","0","","","","0","0","","0","193","0","0","0","89","0","","769","","","201","","","1093","","1992","274","53","0","242","347","495","288","","31","","546","2700","2207","5745","3155","","","","","","","694","40","556","119","","","","","","","","","","","0","","","","","96","0","381","0","0","594","","","","","","","","","","","0","","","","","","0","","","","","","56","","","","","","","","","","","","","","","","","0","121","","237","237","","417","","0","107","88","558","","876","0","","0","","","","","657","0","","0","214","0","223","40","","0","0","0","37","","","","","","","","","0","","","","","","","","","","","","50","0","0","","","0","0","","533","","60","0","0","","147","","55","0","","","","89","0","0","200","","55","0","0","281","0","0","189","60","","","200","51","0","23","190","124","282","0","","54","0","","0","","","","","","","","","","178","135","133","","","","0","","","","0","","","","63","","0","","","164","","","","","0","","","256","","","","","0","127","0","0","","265","","0","","0","","","","","194","","","","","","","","","","","","","","","","","","","","","","0","248","","","0","","","","","","","","","","","","","","","","","92","","","","","","","","","","","","","0","","","","","","","0","261","384","378","","0","","119","","143","0","100","0","","","","0","0","0","0","0","","","","","","0","","","","","",""
"West Indian > Barbadian","","","","","","","","","0","","","","503","0","","0","","","","","","","0","0","","","589","","","","0","0","0","","","0","0","184","","0","","","","","0","","","71","5","","157","","94","","308","","109","49","","","156","0","","","","","","0","0","0","0","36","","701","0","","","","118","0","","252","142","155","117","1433","1587","248","","0","","","0","","","344","","627","246","458","55","271","86","0","0","","197","","395","402","805","1050","630","","","","","","","325","958","111","301","","","","","","","","","","","0","","","","","55","0","285","0","358","0","","","","","","","","","","","0","","","","","","0","","","","","","0","","","","","","","","","","","","","","","","","477","277","","737","0","","37","","121","305","136","201","","3486","438","","0","","","","","0","0","","0","0","0","0","54","","0","0","37","0","","","","","","","","","0","","","","","","","","","","","","212","0","271","","","0","545","","717","","67","576","367","","52","","84","668","","","","187","162","188","1172","","234","742","3991","7577","464","130","357","826","","","697","1707","669","0","610","269","43","90","","432","84","","0","","","","","","","","","","425","0","197","","","","41","","","","0","","","","156","","0","","","0","","","","","111","","","0","","","","","264","0","256","0","","432","","45","","41","","","","","131","","","","","","","","","","","","","","","","","","","","","","0","0","","","80","","","","","","","","","","","","","","","","","150","","","","","","","","","","","","","0","","","","","","","80","1074","149","178","","105","","0","","219","110","0","69","","","","48","0","0","0","0","","","","","","0","","","","","",""
"West Indian > Belizean","","","","","","","","","92","","","","201","0","","524","","","","","","","207","0","","","436","","","","94","428","0","","","42","510","46","","0","","","","","0","","","393","276","","640","","50","","130","","51","8429","","","300","230","","","","","","0","0","0","0","15","","472","0","","","","71","0","","0","0","56","0","97","0","51","","126","","","66","","","154","","0","101","198","0","239","462","67","0","","450","","489","80","110","292","421","","","","","","","60","149","0","54","","","","","","","","","","","32","","","","","545","0","50","212","629","754","","","","","","","","","","","0","","","","","","45","","","","","","308","","","","","","","","","","","","","","","","","0","0","","143","0","","0","","0","0","0","0","","951","204","","0","","","","","42","499","","0","39","0","112","0","","313","0","85","0","","","","","","","","","0","","","","","","","","","","","","360","70","623","","","0","43","","0","","0","110","0","","258","","0","0","","","","147","0","0","66","","100","668","1222","552","0","118","155","333","","","0","367","0","0","0","0","0","106","","0","0","","0","","","","","","","","","","0","175","0","","","","671","","","","0","","","","0","","0","","","61","","","","","0","","","0","","","","","0","164","958","0","","0","","0","","155","","","","","77","","","","","","","","","","","","","","","","","","","","","","186","0","","","0","","","","","","","","","","","","","","","","","33","","","","","","","","","","","","","0","","","","","","","0","0","0","121","","175","","0","","0","99","0","228","","","","0","163","0","118","257","","","","","","93","","","","","",""
"West Indian > Bermudan","","","","","","","","","0","","","","0","0","","58","","","","","","","213","0","","","0","","","","0","0","0","","","0","0","0","","0","","","","","0","","","0","0","","0","","125","","0","","0","0","","","0","0","","","","","","0","0","0","0","0","","0","0","","","","0","0","","0","0","0","0","0","109","0","","0","","","0","","","94","","96","0","0","0","0","0","0","0","","0","","84","0","0","0","0","","","","","","","55","0","0","0","","","","","","","","","","","0","","","","","0","0","0","0","0","0","","","","","","","","","","","0","","","","","","0","","","","","","0","","","","","","","","","","","","","","","","","0","0","","0","0","","135","","96","0","0","53","","148","344","","0","","","","","0","0","","0","38","0","0","0","","0","0","0","0","","","","","","","","","0","","","","","","","","","","","","0","0","0","","","0","19","","0","","0","0","0","","0","","0","0","","","","0","0","0","0","","0","267","0","363","0","0","0","0","","","0","0","141","0","0","0","12","0","","0","0","","0","","","","","","","","","","0","0","20","","","","50","","","","0","","","","0","","0","","","80","","","","","0","","","0","","","","","0","0","0","4","","0","","0","","0","","","","","0","","","","","","","","","","","","","","","","","","","","","","65","0","","","0","","","","","","","","","","","","","","","","","0","","","","","","","","","","","","","0","","","","","","","0","0","0","43","","0","","115","","0","0","0","0","","","","0","0","0","0","0","","","","","","0","","","","","",""
"West Indian > British West Indian","","","","","","","","","0","","","","806","16","","0","","","","","","","0","0","","","66","","","","0","163","40","","","0","0","104","","0","","","","","0","","","0","0","","0","","0","","201","","0","211","","","0","0","","","","","","0","0","0","83","0","","340","0","","","","0","0","","1985","309","946","182","717","161","491","","137","","","732","","","523","","2643","633","0","0","495","821","1262","36","","62","","324","244","1302","3135","939","","","","","","","572","1040","64","842","","","","","","","","","","","0","","","","","0","423","54","0","0","112","","","","","","","","","","","0","","","","","","0","","","","","","0","","","","","","","","","","","","","","","","","0","274","","1259","54","","1528","","150","393","113","49","","3972","251","","0","","","","","83","0","","0","0","0","0","260","","0","0","0","120","","","","","","","","","0","","","","","","","","","","","","0","0","57","","","0","33","","1541","","1113","1653","336","","0","","72","1049","","","","125","1153","174","1160","","300","2105","6862","20165","275","1019","251","1928","","","3379","631","2659","70","601","208","36","226","","269","197","","1310","","","","","","","","","","419","207","0","","","","0","","","","150","","","","33","","0","","","0","","","","","0","","","122","","","","","1113","89","321","47","","114","","460","","0","","","","","0","","","","","","","","","","","","","","","","","","","","","","100","114","","","655","","","","","","","","","","","","","","","","","44","","","","","","","","","","","","","72","","","","","","","0","140","715","345","","0","","431","","141","206","0","0","","","","0","59","267","0","398","","","","","","0","","","","","",""
"West Indian > Dutch West Indian","","","","","","","","","0","","","","0","0","","0","","","","","","","36","0","","","0","","","","0","0","0","","","0","0","0","","0","","","","","0","","","0","0","","0","","0","","0","","0","0","","","61","0","","","","","","0","0","64","0","349","","159","22","","","","0","0","","0","0","0","0","0","0","0","","94","","","0","","","0","","0","150","0","55","0","349","54","0","","42","","0","125","0","0","269","","","","","","","0","0","0","0","","","","","","","","","","","0","","","","","0","0","0","0","0","0","","","","","","","","","","","0","","","","","","0","","","","","","0","","","","","","","","","","","","","","","","","0","0","","0","0","","0","","0","0","183","0","","343","0","","0","","","","","0","0","","0","0","0","0","0","","0","0","0","0","","","","","","","","","0","","","","","","","","","","","","0","38","0","","","0","0","","0","","0","0","55","","125","","0","0","","","","0","41","0","0","","38","198","195","462","100","0","0","0","","","0","85","0","0","0","0","0","0","","0","0","","0","","","","","","","","","","0","0","0","","","","0","","","","0","","","","0","","0","","","640","","","","","0","","","0","","","","","0","0","0","250","","0","","0","","0","","","","","0","","","","","","","","","","","","","","","","","","","","","","0","773","","","0","","","","","","","","","","","","","","","","","0","","","","","","","","","","","","","0","","","","","","","79","0","47","61","","0","","0","","0","0","0","0","","","","0","0","67","0","0","","","","","","0","","","","","",""
"West Indian > Haitian","","","","","","","","","0","","","","266","0","","578","","","","","","","744","0","","","513","","","","82","503","503","","","0","361","429","","0","","","","","43","","","2181","9","","222","","583","","613","","303","111","","","233","1171","","","","","","111","914","586","507","437","","394","0","","","","46","86","","3014","3894","4588","14304","5938","7038","2989","","3243","","","3826","","","4448","","41895","9462","873","1094","7250","8444","7508","8788","","15999","","23684","63531","20479","86665","23924","","","","","","","4338","2468","1600","3272","","","","","","","","","","","195","","","","","1227","44","1762","0","703","357","","","","","","","","","","","2023","","","","","","429","","","","","","0","","","","","","","","","","","","","","","","","1984","308","","608","2209","","4217","","2381","4099","8946","6046","","22950","18391","","85","","","","","154","362","","0","311","797","140","236","","2354","91","359","275","","","","","","","","","520","","","","","","","","","","","","935","419","619","","","1422","2201","","3929","","991","7253","3113","","697","","3786","3176","","","","5346","13365","4940","24801","","3788","3326","23243","40209","1763","1710","4494","3749","","","4891","12736","5090","1403","2887","138","1543","43","","1192","748","","1848","","","","","","","","","","1041","2005","983","","","","1642","","","","65","","","","451","","76","","","650","","","","","166","","","115","","","","","3985","2400","2410","885","","3561","","2078","","2910","","","","","158","","","","","","","","","","","","","","","","","","","","","","0","259","","","868","","","","","","","","","","","","","","","","","339","","","","","","","","","","","","","621","","","","","","","1836","4112","1417","1611","","1131","","276","","1248","467","82","750","","","","89","314","0","417","866","","","","","","0","","","","","",""
"West Indian > Jamaican","","","","","","","","","1592","","","","545","1072","","670","","","","","","","648","675","","","799","","","","687","487","1807","","","921","114","295","","820","","","","","229","","","554","641","","1854","","1293","","913","","1005","2335","","","344","1006","","","","","","48","278","291","1153","1165","","3724","403","","","","955","531","","27386","2342","7978","10407","9948","5942","6251","","5028","","","2571","","","7238","","19691","13769","1303","3034","6140","5685","3938","5964","","1961","","10744","14251","23612","24280","25460","","","","","","","16533","7726","4205","12546","","","","","","","","","","","236","","","","","1417","626","2931","1438","2268","2123","","","","","","","","","","","500","","","","","","1065","","","","","","426","","","","","","","","","","","","","","","","","3105","2949","","9207","2338","","6852","","2276","2030","1270","2192","","12514","2752","","471","","","","","648","174","","236","333","2083","1081","1741","","278","262","892","1867","","","","","","","","","54","","","","","","","","","","","","678","234","1514","","","595","5581","","5551","","6695","5473","2669","","7564","","9182","7621","","","","2163","6837","3003","17812","","3110","7119","26602","38709","3236","4403","2793","9669","","","37957","6578","13873","3148","3475","1329","2114","345","","4640","3433","","1348","","","","","","","","","","3343","1459","2519","","","","3596","","","","716","","","","3035","","340","","","850","","","","","536","","","424","","","","","7530","2953","4391","916","","4889","","1803","","3396","","","","","982","","","","","","","","","","","","","","","","","","","","","","82","1405","","","2538","","","","","","","","","","","","","","","","","1244","","","","","","","","","","","","","774","","","","","","","1819","4072","6537","5805","","1175","","1678","","1858","3501","161","410","","","","1224","268","841","978","1264","","","","","","1246","","","","","",""
"West Indian > Trinidadian and Tobagonian","","","","","","","","","895","","","","122","215","","1315","","","","","","","96","164","","","202","","","","120","79","177","","","0","59","462","","68","","","","","56","","","0","359","","206","","0","","39","","86","674","","","88","0","","","","","","0","165","97","593","696","","86","174","","","","0","0","","1183","51","94","418","385","1306","1310","","732","","","1786","","","971","","1957","1447","992","270","288","3275","2367","344","","341","","1194","3174","2277","843","6739","","","","","","","3559","934","849","1049","","","","","","","","","","","78","","","","","259","0","515","65","577","43","","","","","","","","","","","0","","","","","","241","","","","","","73","","","","","","","","","","","","","","","","","819","426","","2235","894","","1933","","61","57","415","167","","4194","1893","","55","","","","","0","148","","0","0","211","0","0","","0","86","81","128","","","","","","","","","999","","","","","","","","","","","","620","28","212","","","0","1014","","240","","1154","1347","1945","","641","","2705","1911","","","","900","1648","2062","3327","","1561","4874","14372","17837","2408","1832","3822","2089","","","2000","1080","1213","742","716","545","357","256","","254","223","","1608","","","","","","","","","","403","683","1177","","","","469","","","","39","","","","18","","0","","","110","","","","","58","","","0","","","","","1248","253","1948","588","","380","","374","","380","","","","","42","","","","","","","","","","","","","","","","","","","","","","377","0","","","275","","","","","","","","","","","","","","","","","0","","","","","","","","","","","","","1655","","","","","","","771","1771","1789","490","","0","","501","","0","987","139","157","","","","152","92","0","582","184","","","","","","152","","","","","",""
"West Indian > U.S. Virgin Islander","","","","","","","","","0","","","","0","0","","0","","","","","","","0","0","","","0","","","","0","0","0","","","0","55","0","","0","","","","","0","","","0","0","","0","","0","","0","","134","264","","","0","0","","","","","","0","0","0","0","59","","0","0","","","","0","0","","95","52","0","0","0","0","0","","80","","","143","","","0","","1960","0","240","0","72","484","0","0","","50","","0","240","0","53","0","","","","","","","96","0","0","0","","","","","","","","","","","0","","","","","0","0","0","0","0","0","","","","","","","","","","","0","","","","","","0","","","","","","0","","","","","","","","","","","","","","","","","431","312","","59","537","","0","","0","198","0","0","","0","0","","0","","","","","0","0","","0","0","0","0","0","","0","0","0","0","","","","","","","","","0","","","","","","","","","","","","0","0","191","","","40","170","","60","","0","192","0","","0","","53","0","","","","0","0","0","0","","0","42","268","314","0","0","0","53","","","91","0","151","23","0","0","36","0","","69","391","","247","","","","","","","","","","85","0","0","","","","0","","","","0","","","","0","","0","","","0","","","","","0","","","0","","","","","0","0","0","0","","0","","0","","0","","","","","0","","","","","","","","","","","","","","","","","","","","","","0","0","","","0","","","","","","","","","","","","","","","","","78","","","","","","","","","","","","","0","","","","","","","0","0","139","113","","0","","62","","219","0","0","0","","","","0","51","0","0","0","","","","","","0","","","","","",""
"West Indian","","","","","","","","","204","","","","696","500","","73","","","","","","","237","0","","","199","","","","0","87","278","","","72","157","138","","120","","","","","0","","","0","59","","531","","263","","350","","567","1228","","","265","202","","","","","","279","1057","0","27","144","","584","104","","","","0","301","","1563","517","1178","1352","605","372","1410","","447","","","2609","","","1912","","2940","1936","1078","640","1582","3558","713","682","","718","","480","1087","1572","1321","2377","","","","","","","3788","1336","870","1470","","","","","","","","","","","0","","","","","97","34","378","0","44","222","","","","","","","","","","","151","","","","","","100","","","","","","32","","","","","","","","","","","","","","","","","893","738","","2055","294","","876","","801","232","72","104","","2546","635","","0","","","","","67","40","","0","370","328","63","48","","209","0","152","265","","","","","","","","","0","","","","","","","","","","","","648","0","238","","","76","784","","530","","636","782","271","","2048","","1948","1554","","","","95","1435","422","3162","","1632","3044","12288","9029","2373","1278","1016","4623","","","3203","1521","1703","33","2007","160","367","187","","1445","61","","612","","","","","","","","","","139","1589","142","","","","358","","","","185","","","","918","","0","","","208","","","","","101","","","675","","","","","2201","352","773","113","","1136","","1195","","111","","","","","88","","","","","","","","","","","","","","","","","","","","","","307","812","","","1730","","","","","","","","","","","","","","","","","200","","","","","","","","","","","","","0","","","","","","","430","754","580","2967","","175","","452","","421","739","143","111","","","","258","736","1604","121","694","","","","","","274","","","","","",""
"Other West Indian","","","","","","","","","0","","","","27","0","","0","","","","","","","52","283","","","0","","","","0","0","40","","","0","0","42","","0","","","","","54","","","0","0","","0","","0","","0","","0","0","","","0","0","","","","","","0","0","0","144","0","","0","0","","","","0","0","","141","0","0","32","0","0","282","","0","","","46","","","0","","465","0","59","298","438","0","0","0","","0","","0","0","0","164","55","","","","","","","0","0","83","0","","","","","","","","","","","0","","","","","0","0","0","0","0","0","","","","","","","","","","","0","","","","","","0","","","","","","0","","","","","","","","","","","","","","","","","0","0","","0","0","","0","","0","0","0","0","","97","0","","0","","","","","0","0","","0","0","0","0","0","","0","0","0","178","","","","","","","","","0","","","","","","","","","","","","0","0","0","","","0","0","","30","","275","0","0","","0","","0","50","","","","44","0","0","81","","0","0","90","0","72","0","0","0","","","0","0","0","0","60","0","0","0","","0","0","","0","","","","","","","","","","0","0","0","","","","111","","","","0","","","","0","","0","","","0","","","","","0","","","0","","","","","0","0","0","0","","0","","0","","0","","","","","0","","","","","","","","","","","","","","","","","","","","","","0","0","","","0","","","","","","","","","","","","","","","","","0","","","","","","","","","","","","","0","","","","","","","0","73","0","0","","0","","0","","0","0","0","0","","","","0","0","0","0","0","","","","","","0","","","","","",""
"Yugoslavian","","","","","","","","","2119","","","","685","1188","","3231","","","","","","","199","2004","","","1358","","","","672","369","1909","","","157","946","970","","417","","","","","901","","","285","222","","1382","","935","","11","","771","0","","","247","486","","","","","","1072","884","567","595","455","","437","847","","","","201","879","","1532","258","649","36","629","119","0","","155","","","2661","","","111","","200","418","260","2062","1394","214","117","128","","183","","232","241","0","163","0","","","","","","","311","108","1248","4331","","","","","","","","","","","2342","","","","","1562","718","0","1438","3198","568","","","","","","","","","","","1245","","","","","","109","","","","","","204","","","","","","","","","","","","","","","","","0","62","","532","441","","126","","167","0","320","306","","320","0","","485","","","","","592","487","","1212","2357","857","289","862","","285","1191","525","824","","","","","","","","","7810","","","","","","","","","","","","867","300","966","","","68","679","","524","","1204","137","479","","2740","","864","282","","","","578","0","372","0","","115","488","0","89","128","143","251","520","","","109","57","303","996","1038","530","4958","326","","1407","57","","232","","","","","","","","","","344","77","114","","","","152","","","","2072","","","","980","","418","","","0","","","","","653","","","70","","","","","0","1057","81","8","","186","","743","","335","","","","","291","","","","","","","","","","","","","","","","","","","","","","787","298","","","54","","","","","","","","","","","","","","","","","208","","","","","","","","","","","","","55","","","","","","","409","337","390","622","","161","","241","","1171","253","614","2577","","","","269","666","664","223","616","","","","","","280","","","","","",""
"Other groups","","","","","","","","","193358","","","","229109","258502","","223281","","","","","","","227521","218781","","","304626","","","","305986","330171","384111","","","410538","360645","479884","","313367","","","","","318910","","","410990","463890","","298755","","321639","","511527","","288534","500182","","","319180","392997","","","","","","306922","291324","268539","297687","321506","","258395","129930","","","","243649","155575","","200316","130307","209545","214908","202377","327162","302700","","226314","","","225749","","","173526","","316402","223603","189931","157189","293699","331571","275961","178576","","202655","","191170","256131","238995","362608","379416","","","","","","","369856","356629","235149","391473","","","","","","","","","","","205419","","","","","188413","175595","381700","273249","245732","254034","","","","","","","","","","","129171","","","","","","109776","","","","","","163327","","","","","","","","","","","","","","","","","243314","249318","","311080","233306","","315489","","154961","215813","151482","193779","","288760","164034","","83518","","","","","185840","138291","","83635","169517","211328","269605","346183","","126511","137815","168148","179098","","","","","","","","","119017","","","","","","","","","","","","382153","264473","348837","","","86080","221812","","204914","","252997","317729","193772","","374529","","235546","374626","","","","170213","211663","254966","225861","","415596","346970","315663","260068","322241","264472","244418","443762","","","309916","203268","206846","116323","145410","86855","123739","83404","","171025","162777","","293762","","","","","","","","","","347851","266408","266716","","","","261746","","","","93078","","","","355356","","153105","","","280865","","","","","226813","","","146305","","","","","372221","154018","214407","192511","","150542","","170368","","147174","","","","","105811","","","","","","","","","","","","","","","","","","","","","","301323","289353","","","420946","","","","","","","","","","","","","","","","","245648","","","","","","","","","","","","","298916","","","","","","","203356","217807","331836","319797","","163498","","283326","","280546","304615","278480","203494","","","","178876","245856","219323","351895","245377","","","","","","337513","","","","","",""
"Unclassified or not reported","","","","","","","","","189560","","","","237994","177046","","199695","","","","","","","151079","189477","","","185195","","","","154575","135656","147814","","","148150","145146","136144","","143668","","","","","167831","","","150066","123258","","127416","","144899","","121774","","137984","130423","","","154379","185834","","","","","","163184","153441","147965","156318","169861","","150918","190931","","","","165603","170612","","158551","162226","151352","155662","158847","225143","138364","","271363","","","206757","","","221271","","171452","162567","182778","175439","205211","198138","198770","178721","","146285","","166925","128965","164776","152653","149691","","","","","","","192785","181888","202966","168898","","","","","","","","","","","258206","","","","","141904","133487","143843","136897","133880","166262","","","","","","","","","","","269040","","","","","","219965","","","","","","188333","","","","","","","","","","","","","","","","","168623","177107","","221225","216829","","134563","","194904","179922","173061","174055","","164109","195406","","191751","","","","","173880","203591","","201324","161163","157954","169353","167009","","166419","140485","142674","130574","","","","","","","","","178515","","","","","","","","","","","","182688","177616","172829","","","172615","185240","","184927","","151813","182416","153760","","164699","","139432","134325","","","","168564","229348","175888","201571","","143358","158473","170433","180943","138467","183859","129678","142760","","","151139","176987","165303","224290","194137","212889","205331","203601","","181062","203715","","158431","","","","","","","","","","172240","204736","192012","","","","149817","","","","165541","","","","148016","","190047","","","225873","","","","","144823","","","201286","","","","","182649","168137","181330","161375","","175649","","210668","","164242","","","","","156918","","","","","","","","","","","","","","","","","","","","","","224746","238300","","","174298","","","","","","","","","","","","","","","","","199734","","","","","","","","","","","","","148956","","","","","","","195627","225809","222649","230501","","262263","","135734","","186291","154647","170719","186037","","","","215046","124471","184068","143531","191619","","","","","","134778","","","","","",""